level,topic,english,chinese,verdict,plannedStatus,redrawMarked,hasVideoPath,visualProof,listenerProof,checks,promptPath
1,日常问候,Good morning!,早上好,PASS,needs-redraw,yes,yes,"The girl smiles, waves at the boy, and says ""Good morning!"" while the low sun is visible behind them.","The boy wakes up into a smile, waves back, and answers ""Good morning!""",,/Users/yr/Documents/LibTV Workbench/projects/baby-desert-levels-v1/input/final-prompts/level-001-good-morning.txt
2,日常问候,How are you?,你好吗,PASS,needs-redraw,yes,yes,"The girl keeps bright eye contact and asks ""How are you?"" with an upbeat, caring face.","The boy relaxes his shoulders, smiles, and answers ""I am good!""",,/Users/yr/Documents/LibTV Workbench/projects/baby-desert-levels-v1/input/final-prompts/level-002-how-are-you.txt
3,日常问候,See you later!,待会儿见,PASS,needs-redraw,yes,yes,"The boy waves, turns his body toward the path, and says ""See you later!"" before he starts walking away.","The girl waves back and says ""See you!"" as the distance between them slowly grows.",,/Users/yr/Documents/LibTV Workbench/projects/baby-desert-levels-v1/input/final-prompts/level-003-see-you-later.txt
4,日常问候,Good night!,晚安,PASS,ready,no,no,"The boy smiles softly, waves from the tent door, and says ""Good night!"" clearly.","The girl answers ""Good night!"" while dimming the lantern.",,/Users/yr/Documents/LibTV Workbench/projects/baby-desert-levels-v1/input/final-prompts/level-004-good-night.txt
5,日常问候,Have fun!,玩得开心,PASS,ready,no,no,"The girl gives a thumbs-up and says ""Have fun!"" as the boy starts running with the kite.","The boy laughs and answers ""I will!"" while the kite lifts gently.",,/Users/yr/Documents/LibTV Workbench/projects/baby-desert-levels-v1/input/final-prompts/level-005-have-fun.txt
6,日常问候,Goodbye!,再见,PASS,ready,no,no,"The girl waves with her whole hand and says ""Goodbye!"" as the boy begins to leave.","The boy waves back and answers ""Goodbye!"" while walking away.",,/Users/yr/Documents/LibTV Workbench/projects/baby-desert-levels-v1/input/final-prompts/level-006-goodbye.txt
7,日常问候,Thank you!,谢谢你,PASS,ready,no,no,"The boy holds the bottle with both hands, looks at the girl, and says ""Thank you!""","The girl nods and smiles, accepting the thanks.",,/Users/yr/Documents/LibTV Workbench/projects/baby-desert-levels-v1/input/final-prompts/level-007-thank-you.txt
8,日常问候,You're welcome!,不用谢,PASS,ready,no,no,"The boy says ""Thank you!"" and the girl answers ""You're welcome!"" with a small nod.",The boy wipes his hand and smiles at her.,,/Users/yr/Documents/LibTV Workbench/projects/baby-desert-levels-v1/input/final-prompts/level-008-you-re-welcome.txt
9,日常问候,Excuse me.,打扰一下,PASS,ready,no,no,"The boy raises one hand politely and says ""Excuse me.""","The girl steps aside and smiles, making space.",,/Users/yr/Documents/LibTV Workbench/projects/baby-desert-levels-v1/input/final-prompts/level-009-excuse-me.txt
10,日常问候,I'm sorry.,对不起,PASS,ready,no,no,"She looks concerned, touches her chest, and says ""I'm sorry.""",The boy smiles gently and helps wipe the mat.,,/Users/yr/Documents/LibTV Workbench/projects/baby-desert-levels-v1/input/final-prompts/level-010-i-m-sorry.txt
11,课堂规则,"Listen, please.",请注意听,PASS,ready,no,no,"The girl cups one hand near her ear and says ""Listen, please.""",The boy stops tapping and tilts his head toward the bell.,,/Users/yr/Documents/LibTV Workbench/projects/baby-desert-levels-v1/input/final-prompts/level-011-listen-please.txt
12,课堂规则,Raise your hand.,请举手,PASS,ready,no,no,"The boy lifts his hand high and says ""Raise your hand."" as a clear model.",The girl raises her hand too and waits patiently.,,/Users/yr/Documents/LibTV Workbench/projects/baby-desert-levels-v1/input/final-prompts/level-012-raise-your-hand.txt
13,课堂规则,Let's line up.,我们排队吧,PASS,ready,no,no,"The girl points to the stones, steps behind the boy, and says ""Let's line up.""",The boy nods and moves to the first stone while the girl waits behind him.,,/Users/yr/Documents/LibTV Workbench/projects/baby-desert-levels-v1/input/final-prompts/level-013-let-s-line-up.txt
14,课堂规则,"Sit down, please.",请坐下,PASS,ready,no,no,"The girl pats the empty spot on the mat and says ""Sit down, please.""",The boy sits carefully beside her.,,/Users/yr/Documents/LibTV Workbench/projects/baby-desert-levels-v1/input/final-prompts/level-014-sit-down-please.txt
15,课堂规则,"Stand up, please.",请站起来,PASS,ready,no,no,"The boy offers a hand and says ""Stand up, please.""",The girl stands up with a small bounce and smiles.,,/Users/yr/Documents/LibTV Workbench/projects/baby-desert-levels-v1/input/final-prompts/level-015-stand-up-please.txt
16,课堂规则,Look over here.,看这边,PASS,ready,no,no,"She points to the shell and says ""Look over here.""",The boy turns his head and eyes to the shell only.,,/Users/yr/Documents/LibTV Workbench/projects/baby-desert-levels-v1/input/final-prompts/level-016-look-over-here.txt
17,课堂规则,"Quiet, please.",请安静,PASS,ready,no,no,"The girl puts one finger gently to her lips and says ""Quiet, please.""",The boy stops clapping and tiptoes softly.,,/Users/yr/Documents/LibTV Workbench/projects/baby-desert-levels-v1/input/final-prompts/level-017-quiet-please.txt
18,课堂规则,Can you answer?,你能回答吗,PASS,ready,no,no,"She opens her palm toward him and asks ""Can you answer?""","The boy points to the correct cup and says ""This one!""",,/Users/yr/Documents/LibTV Workbench/projects/baby-desert-levels-v1/input/final-prompts/level-018-can-you-answer.txt
19,课堂规则,Let's work together.,我们一起合作吧,PASS,ready,no,no,"She holds one handle, offers the other to the boy, and says ""Let's work together.""",The boy takes the second handle and they lift the basket evenly.,,/Users/yr/Documents/LibTV Workbench/projects/baby-desert-levels-v1/input/final-prompts/level-019-let-s-work-together.txt
20,课堂规则,Try it with me.,和我一起试试,PASS,ready,no,no,"The girl slows down, leaves space beside her, and says ""Try it with me.""",The boy copies her fold at the same time.,,/Users/yr/Documents/LibTV Workbench/projects/baby-desert-levels-v1/input/final-prompts/level-020-try-it-with-me.txt
21,一日三餐,Let's have breakfast.,我们吃早餐吧,PASS,ready,no,no,"The girl opens the basket and says ""Let's have breakfast.""",The boy sits down and takes one piece of bread.,,/Users/yr/Documents/LibTV Workbench/projects/baby-desert-levels-v1/input/final-prompts/level-021-let-s-have-breakfast.txt
22,一日三餐,Let's have lunch.,我们吃午餐吧,PASS,ready,no,no,"The boy opens the box and says ""Let's have lunch.""",The girl sits beside him and smiles at the food.,,/Users/yr/Documents/LibTV Workbench/projects/baby-desert-levels-v1/input/final-prompts/level-022-let-s-have-lunch.txt
23,一日三餐,Let's have dinner.,我们吃晚餐吧,PASS,ready,no,no,"The girl lifts the cover and says ""Let's have dinner.""",The boy places two small cups beside the bowl.,,/Users/yr/Documents/LibTV Workbench/projects/baby-desert-levels-v1/input/final-prompts/level-023-let-s-have-dinner.txt
24,一日三餐,Drink some milk.,喝点牛奶,PASS,ready,no,no,"He offers the cup to the girl and says ""Drink some milk.""",The girl takes a careful sip and smiles.,,/Users/yr/Documents/LibTV Workbench/projects/baby-desert-levels-v1/input/final-prompts/level-024-drink-some-milk.txt
25,一日三餐,Wash your hands.,洗洗手,PASS,ready,no,no,"The boy points gently to the basin and says ""Wash your hands.""",The girl rinses both hands clearly in the basin.,,/Users/yr/Documents/LibTV Workbench/projects/baby-desert-levels-v1/input/final-prompts/level-025-wash-your-hands.txt
26,一日三餐,Wipe your mouth.,擦擦嘴,PASS,ready,no,no,"The girl hands him one napkin and says ""Wipe your mouth.""",The boy wipes the crumb away and looks neat again.,,/Users/yr/Documents/LibTV Workbench/projects/baby-desert-levels-v1/input/final-prompts/level-026-wipe-your-mouth.txt
27,一日三餐,Use your chopsticks.,用你的筷子,PASS,ready,no,no,"The girl places chopsticks in the boy's hand and says ""Use your chopsticks.""",The boy carefully picks up the one piece with the chopsticks.,,/Users/yr/Documents/LibTV Workbench/projects/baby-desert-levels-v1/input/final-prompts/level-027-use-your-chopsticks.txt
28,一日三餐,Taste it.,尝一尝,PASS,ready,no,no,"She offers the spoon and says ""Taste it.""",The boy tastes just a little and smiles.,,/Users/yr/Documents/LibTV Workbench/projects/baby-desert-levels-v1/input/final-prompts/level-028-taste-it.txt
29,一日三餐,I'm full.,我吃饱了,PASS,ready,no,no,"He pats his belly with a relaxed smile and says ""I'm full.""",The girl stops offering more food and nods.,,/Users/yr/Documents/LibTV Workbench/projects/baby-desert-levels-v1/input/final-prompts/level-029-i-m-full.txt
30,一日三餐,"More rice, please.",请再来点饭,PASS,ready,no,no,"She holds the bowl with both hands and says ""More rice, please.""",The boy scoops one small spoon of rice into her bowl.,,/Users/yr/Documents/LibTV Workbench/projects/baby-desert-levels-v1/input/final-prompts/level-030-more-rice-please.txt
31,零食水果,Cut the apple.,切这个苹果,PASS,ready,no,no,"She presses down carefully and says ""Cut the apple."" as the apple becomes slices.",The boy moves the slices onto a plate.,,/Users/yr/Documents/LibTV Workbench/projects/baby-desert-levels-v1/input/final-prompts/level-031-cut-the-apple.txt
32,零食水果,Peel the banana.,剥这个香蕉,PASS,ready,no,no,"He pulls the peel downward and says ""Peel the banana.""",The girl watches the banana fruit appear.,,/Users/yr/Documents/LibTV Workbench/projects/baby-desert-levels-v1/input/final-prompts/level-032-peel-the-banana.txt
33,零食水果,Open the snack bag.,打开零食袋,PASS,ready,no,no,"The girl pulls the top open and says ""Open the snack bag.""",The boy holds the bottom steady so it does not spill.,,/Users/yr/Documents/LibTV Workbench/projects/baby-desert-levels-v1/input/final-prompts/level-033-open-the-snack-bag.txt
34,零食水果,Let's share this cookie.,我们分享这块饼干吧,PASS,ready,no,no,"She offers one piece to the boy and says ""Let's share this cookie.""","The boy accepts the piece and says ""Thank you!""",,/Users/yr/Documents/LibTV Workbench/projects/baby-desert-levels-v1/input/final-prompts/level-034-let-s-share-this-cookie.txt
35,零食水果,The candy is sweet.,糖果是甜的,PASS,ready,no,no,"His eyes brighten, he smiles, and he says ""The candy is sweet.""",The girl nods and points only to the candy.,,/Users/yr/Documents/LibTV Workbench/projects/baby-desert-levels-v1/input/final-prompts/level-035-the-candy-is-sweet.txt
36,零食水果,The lemon is sour.,柠檬是酸的,PASS,ready,no,no,"She puckers her lips, squints playfully, and says ""The lemon is sour.""",The boy laughs gently and offers water.,,/Users/yr/Documents/LibTV Workbench/projects/baby-desert-levels-v1/input/final-prompts/level-036-the-lemon-is-sour.txt
37,零食水果,Eat slowly.,慢慢吃,PASS,ready,no,no,"The girl lowers her hand in a slow gesture and says ""Eat slowly.""",The boy takes a small bite instead and chews calmly.,,/Users/yr/Documents/LibTV Workbench/projects/baby-desert-levels-v1/input/final-prompts/level-037-eat-slowly.txt
38,零食水果,"No sugar, please.",请不要糖,PASS,ready,no,no,"The girl gently covers the cup with her hand and says ""No sugar, please.""",The boy moves the sugar spoon away.,,/Users/yr/Documents/LibTV Workbench/projects/baby-desert-levels-v1/input/final-prompts/level-038-no-sugar-please.txt
39,零食水果,It tastes yummy.,它尝起来很好吃,PASS,ready,no,no,"She smiles, gives a small thumbs-up, and says ""It tastes yummy.""",The boy looks pleased and takes his own tiny bite.,,/Users/yr/Documents/LibTV Workbench/projects/baby-desert-levels-v1/input/final-prompts/level-039-it-tastes-yummy.txt
40,零食水果,Take a bite.,咬一口,PASS,ready,no,no,"He points to the slice and says ""Take a bite.""",The girl takes one small clear bite from the slice.,,/Users/yr/Documents/LibTV Workbench/projects/baby-desert-levels-v1/input/final-prompts/level-040-take-a-bite.txt
41,洗漱卫生,Brush your teeth.,刷刷牙,PASS,ready,no,no,"The girl points to the toothbrush and says ""Brush your teeth.""",The boy brushes his teeth with gentle up-and-down motion.,,/Users/yr/Documents/LibTV Workbench/projects/baby-desert-levels-v1/input/final-prompts/level-041-brush-your-teeth.txt
42,洗漱卫生,Wash your face.,洗洗脸,PASS,ready,no,no,"The boy hands her water and says ""Wash your face.""",She splashes water on her face and wipes it clean.,,/Users/yr/Documents/LibTV Workbench/projects/baby-desert-levels-v1/input/final-prompts/level-042-wash-your-face.txt
43,洗漱卫生,Comb your hair.,梳梳头发,PASS,ready,no,no,"The girl hands him the comb and says ""Comb your hair.""",The boy combs his hair neatly while looking into a small mirror.,,/Users/yr/Documents/LibTV Workbench/projects/baby-desert-levels-v1/input/final-prompts/level-043-comb-your-hair.txt
44,洗漱卫生,Take a bath.,洗个澡,PASS,ready,no,no,"The girl points to the towel and says ""Take a bath.""","Behind the screen, the boy washes with a sponge; only clean hands, towel, and happy face are visible.",,/Users/yr/Documents/LibTV Workbench/projects/baby-desert-levels-v1/input/final-prompts/level-044-take-a-bath.txt
45,洗漱卫生,Flush the toilet.,冲马桶,PASS,ready,no,no,"The boy presses the flush handle and says ""Flush the toilet.""",The girl waits outside and points next to the sink for handwashing.,,/Users/yr/Documents/LibTV Workbench/projects/baby-desert-levels-v1/input/final-prompts/level-045-flush-the-toilet.txt
46,洗漱卫生,Use soap.,用肥皂,PASS,ready,no,no,"The boy presses the pump into her palm and says ""Use soap.""",The girl rubs both hands with bubbles.,,/Users/yr/Documents/LibTV Workbench/projects/baby-desert-levels-v1/input/final-prompts/level-046-use-soap.txt
47,洗漱卫生,Dry your hands.,擦干手,PASS,ready,no,no,"The girl gives him one towel and says ""Dry your hands.""",The boy rubs both hands dry with the towel.,,/Users/yr/Documents/LibTV Workbench/projects/baby-desert-levels-v1/input/final-prompts/level-047-dry-your-hands.txt
48,洗漱卫生,Change your clothes.,换衣服,PASS,ready,no,no,"The girl points to the clean shirt and says ""Change your clothes.""",The boy steps behind the screen; a moment later he comes out in the clean shirt.,,/Users/yr/Documents/LibTV Workbench/projects/baby-desert-levels-v1/input/final-prompts/level-048-change-your-clothes.txt
49,洗漱卫生,Cut your nails.,剪指甲,PASS,ready,no,no,"The boy points to the clipper and says ""Cut your nails.""",The girl carefully clips one nail over a small tray.,,/Users/yr/Documents/LibTV Workbench/projects/baby-desert-levels-v1/input/final-prompts/level-049-cut-your-nails.txt
50,洗漱卫生,Blow your nose.,擤鼻子,PASS,ready,no,no,"The girl points to the tissue and says ""Blow your nose.""",The boy covers his nose with the tissue and blows gently.,,/Users/yr/Documents/LibTV Workbench/projects/baby-desert-levels-v1/input/final-prompts/level-050-blow-your-nose.txt
51,身体动作,Run fast!,跑快点,PASS,ready,no,no,"The girl leans forward, starts running, and says ""Run fast!"" as her scarf trails behind.",The boy runs after her with quick small steps.,,/Users/yr/Documents/LibTV Workbench/projects/baby-desert-levels-v1/input/final-prompts/level-051-run-fast.txt
52,身体动作,Jump high!,跳高点,PASS,ready,no,no,"The boy bends his knees, jumps up clearly, and says ""Jump high!""",The girl claps as he lands safely.,,/Users/yr/Documents/LibTV Workbench/projects/baby-desert-levels-v1/input/final-prompts/level-052-jump-high.txt
53,身体动作,Clap your hands.,拍拍手,PASS,ready,no,no,"She brings her palms together and says ""Clap your hands.""",The boy copies and claps twice with her.,,/Users/yr/Documents/LibTV Workbench/projects/baby-desert-levels-v1/input/final-prompts/level-053-clap-your-hands.txt
54,身体动作,Stamp your feet.,跺跺脚,PASS,ready,no,no,"He stamps one foot, then the other, and says ""Stamp your feet.""",The girl copies with tiny sand puffs under her shoes.,,/Users/yr/Documents/LibTV Workbench/projects/baby-desert-levels-v1/input/final-prompts/level-054-stamp-your-feet.txt
55,身体动作,Touch your nose.,摸摸鼻子,PASS,ready,no,no,"She touches the tip of her nose and says ""Touch your nose.""",The boy touches his own nose and looks at her.,,/Users/yr/Documents/LibTV Workbench/projects/baby-desert-levels-v1/input/final-prompts/level-055-touch-your-nose.txt
56,身体动作,Close your eyes.,闭上眼睛,PASS,ready,no,no,"The boy closes both eyes and says ""Close your eyes.""",The girl closes her eyes too while keeping a small smile.,,/Users/yr/Documents/LibTV Workbench/projects/baby-desert-levels-v1/input/final-prompts/level-056-close-your-eyes.txt
57,身体动作,Open your mouth.,张开嘴巴,PASS,ready,no,no,"She opens her own mouth as a model and says ""Open your mouth.""",The boy opens his mouth slightly and safely for the spoon.,,/Users/yr/Documents/LibTV Workbench/projects/baby-desert-levels-v1/input/final-prompts/level-057-open-your-mouth.txt
58,身体动作,Shake your head.,摇摇头,PASS,ready,no,no,"He shakes his head left and right and says ""Shake your head.""",The girl understands and moves the sugar away.,,/Users/yr/Documents/LibTV Workbench/projects/baby-desert-levels-v1/input/final-prompts/level-058-shake-your-head.txt
59,身体动作,Turn around.,转一圈,PASS,ready,no,no,"She turns one full circle slowly and says ""Turn around.""",The boy watches her face come back to the front.,,/Users/yr/Documents/LibTV Workbench/projects/baby-desert-levels-v1/input/final-prompts/level-059-turn-around.txt
60,身体动作,"Sit still, please.",请坐好不动,PASS,ready,no,no,"The girl holds up one gentle palm and says ""Sit still, please.""",The boy stops moving and keeps his feet still.,,/Users/yr/Documents/LibTV Workbench/projects/baby-desert-levels-v1/input/final-prompts/level-060-sit-still-please.txt
61,情绪表达,I'm happy.,我很开心,PASS,ready,no,no,"She smiles widely, lifts both hands a little, and says ""I'm happy.""",The boy smiles back and shares the shade with her.,,/Users/yr/Documents/LibTV Workbench/projects/baby-desert-levels-v1/input/final-prompts/level-061-i-m-happy.txt
62,情绪表达,I'm sad.,我很难过,PASS,ready,no,no,"He looks down with watery eyes and says ""I'm sad.""",The girl kneels beside him and offers one block to rebuild.,,/Users/yr/Documents/LibTV Workbench/projects/baby-desert-levels-v1/input/final-prompts/level-062-i-m-sad.txt
63,情绪表达,I'm angry.,我生气了,PASS,ready,no,no,"She says ""I'm angry."" without shouting.",The boy offers a calm hand and points to a clean patch of sand.,,/Users/yr/Documents/LibTV Workbench/projects/baby-desert-levels-v1/input/final-prompts/level-063-i-m-angry.txt
64,情绪表达,I'm scared.,我害怕了,PASS,ready,no,no,"He holds his satchel, eyes wide, and says ""I'm scared.""",The girl shows him the friendly camel causing the shadow.,,/Users/yr/Documents/LibTV Workbench/projects/baby-desert-levels-v1/input/final-prompts/level-064-i-m-scared.txt
65,情绪表达,Be brave.,勇敢一点,PASS,ready,no,no,"The girl stands on the other side, opens her arms, and says ""Be brave.""",The boy takes one careful step onto the stone.,,/Users/yr/Documents/LibTV Workbench/projects/baby-desert-levels-v1/input/final-prompts/level-065-be-brave.txt
66,情绪表达,Calm down.,冷静下来,PASS,ready,no,no,"The boy lowers both palms, breathes slowly, and says ""Calm down.""",The girl copies the slow breath and her shoulders drop.,,/Users/yr/Documents/LibTV Workbench/projects/baby-desert-levels-v1/input/final-prompts/level-066-calm-down.txt
67,情绪表达,Don't cry.,别哭,PASS,ready,no,no,"The girl gently offers a tissue and says ""Don't cry.""",The boy wipes his eyes while she fixes the wheel.,,/Users/yr/Documents/LibTV Workbench/projects/baby-desert-levels-v1/input/final-prompts/level-067-don-t-cry.txt
68,情绪表达,Cheer up!,打起精神,PASS,ready,no,no,"He lifts the repaired kite and says ""Cheer up!""",The girl looks up and smiles as the kite rises again.,,/Users/yr/Documents/LibTV Workbench/projects/baby-desert-levels-v1/input/final-prompts/level-068-cheer-up.txt
69,情绪表达,Give me a big smile.,给我一个大大的笑容,PASS,ready,no,no,"The girl frames her cheeks with her hands and says ""Give me a big smile.""","The boy gives a large natural smile, eyes bright and mouth relaxed.",,/Users/yr/Documents/LibTV Workbench/projects/baby-desert-levels-v1/input/final-prompts/level-069-give-me-a-big-smile.txt
70,情绪表达,Let's laugh together.,我们一起笑吧,PASS,ready,no,no,"The boy looks at the girl, starts a gentle laugh, and says ""Let's laugh together.""","The girl laughs with him, both faces visible.",,/Users/yr/Documents/LibTV Workbench/projects/baby-desert-levels-v1/input/final-prompts/level-070-let-s-laugh-together.txt
71,家庭互动,I can help Mom.,我可以帮妈妈,PASS,ready,no,no,"The girl picks up the napkin, gives it to Mom, and says ""I can help Mom.""",Mom smiles and lets the girl carry the light napkin roll.,,/Users/yr/Documents/LibTV Workbench/projects/baby-desert-levels-v1/input/final-prompts/level-071-i-can-help-mom.txt
72,家庭互动,Give Dad a hug.,给爸爸一个拥抱,PASS,ready,no,no,"The girl points gently and says ""Give Dad a hug.""",The boy wraps both arms around Dad's shoulders.,,/Users/yr/Documents/LibTV Workbench/projects/baby-desert-levels-v1/input/final-prompts/level-072-give-dad-a-hug.txt
73,家庭互动,Give the baby a kiss.,亲亲宝宝,PASS,ready,no,no,"The boy whispers softly and says ""Give the baby a kiss.""",The girl gives one gentle kiss on the baby's forehead.,,/Users/yr/Documents/LibTV Workbench/projects/baby-desert-levels-v1/input/final-prompts/level-073-give-the-baby-a-kiss.txt
74,家庭互动,Play with me.,和我一起玩,PASS,ready,no,no,"She rolls the ball toward him and says ""Play with me.""",The boy catches it and smiles.,,/Users/yr/Documents/LibTV Workbench/projects/baby-desert-levels-v1/input/final-prompts/level-074-play-with-me.txt
75,家庭互动,Can you read to me?,你能读给我听吗,PASS,ready,no,no,"He points to the book cover and asks ""Can you read to me?""",The girl opens the picture book and nods.,,/Users/yr/Documents/LibTV Workbench/projects/baby-desert-levels-v1/input/final-prompts/level-075-can-you-read-to-me.txt
76,家庭互动,Can you tell me a story?,你能给我讲个故事吗,PASS,ready,no,no,"He looks at the girl and asks ""Can you tell me a story?""","The girl opens the book and answers ""Sure.""",,/Users/yr/Documents/LibTV Workbench/projects/baby-desert-levels-v1/input/final-prompts/level-076-can-you-tell-me-a-story.txt
77,家庭互动,Let's go to bed.,我们上床睡觉吧,PASS,ready,no,no,"The girl points to the tent and says ""Let's go to bed.""",The boy picks up his satchel and walks toward the tent.,,/Users/yr/Documents/LibTV Workbench/projects/baby-desert-levels-v1/input/final-prompts/level-077-let-s-go-to-bed.txt
78,家庭互动,"Wake up, please.",请醒一醒,PASS,ready,no,no,"The girl kneels nearby, taps the mat softly, and says ""Wake up, please.""",The boy opens his eyes and sits up slowly.,,/Users/yr/Documents/LibTV Workbench/projects/baby-desert-levels-v1/input/final-prompts/level-078-wake-up-please.txt
79,家庭互动,"Get dressed, please.",请穿好衣服,PASS,ready,no,no,"The girl points to the clothes and says ""Get dressed, please.""",The boy steps behind the screen and comes out wearing the vest and satchel.,,/Users/yr/Documents/LibTV Workbench/projects/baby-desert-levels-v1/input/final-prompts/level-079-get-dressed-please.txt
80,家庭互动,"Come here, please.",请过来,PASS,ready,no,no,"She opens one hand toward herself and says ""Come here, please.""",The boy walks toward her and stops beside the water.,,/Users/yr/Documents/LibTV Workbench/projects/baby-desert-levels-v1/input/final-prompts/level-080-come-here-please.txt
81,玩具游戏,Let's play ball.,我们玩球吧,PASS,ready,no,no,"The boy picks up the ball and says ""Let's play ball.""",The girl opens her hands to catch.,,/Users/yr/Documents/LibTV Workbench/projects/baby-desert-levels-v1/input/final-prompts/level-081-let-s-play-ball.txt
82,玩具游戏,Ride your bike.,骑你的自行车,PASS,ready,no,no,"The girl points to the bike and says ""Ride your bike.""",The boy puts on the helmet and pedals slowly along the path.,,/Users/yr/Documents/LibTV Workbench/projects/baby-desert-levels-v1/input/final-prompts/level-082-ride-your-bike.txt
83,玩具游戏,Fly the kite.,放风筝,PASS,ready,no,no,"The girl points to the open sky and says ""Fly the kite.""",The boy runs a few steps and the kite lifts into the breeze.,,/Users/yr/Documents/LibTV Workbench/projects/baby-desert-levels-v1/input/final-prompts/level-083-fly-the-kite.txt
84,玩具游戏,Build the blocks.,搭积木,PASS,ready,no,no,"The boy places one block on another and says ""Build the blocks.""",The girl adds the last block carefully.,,/Users/yr/Documents/LibTV Workbench/projects/baby-desert-levels-v1/input/final-prompts/level-084-build-the-blocks.txt
85,玩具游戏,Let's play hide-and-seek.,我们玩捉迷藏吧,PASS,ready,no,no,"The girl covers her eyes and says ""Let's play hide-and-seek.""",The boy hides behind the palm while she counts silently with fingers.,,/Users/yr/Documents/LibTV Workbench/projects/baby-desert-levels-v1/input/final-prompts/level-085-let-s-play-hide-and-seek.txt
86,玩具游戏,"Tag, you're it!",抓到你了，轮到你,PASS,ready,no,no,"The girl lightly taps the boy's shoulder and says ""Tag, you're it!""",The boy turns around smiling and begins to chase gently.,,/Users/yr/Documents/LibTV Workbench/projects/baby-desert-levels-v1/input/final-prompts/level-086-tag-you-re-it.txt
87,玩具游戏,It's my turn.,轮到我了,PASS,ready,no,no,"The girl points to herself, reaches for the ball, and says ""It's my turn.""",The boy steps back and opens his hands to catch.,,/Users/yr/Documents/LibTV Workbench/projects/baby-desert-levels-v1/input/final-prompts/level-087-it-s-my-turn.txt
88,玩具游戏,It's your turn.,轮到你了,PASS,ready,no,no,"She points to the boy and says ""It's your turn.""",The boy picks up the block and adds it to the tower.,,/Users/yr/Documents/LibTV Workbench/projects/baby-desert-levels-v1/input/final-prompts/level-088-it-s-your-turn.txt
89,玩具游戏,I won!,我赢了,PASS,ready,no,no,"She lifts both hands in a small happy pose and says ""I won!""",The boy claps for her without looking upset.,,/Users/yr/Documents/LibTV Workbench/projects/baby-desert-levels-v1/input/final-prompts/level-089-i-won.txt
90,玩具游戏,Good game!,玩得真好,PASS,ready,no,no,"The girl smiles at the boy and says ""Good game!""","The boy answers ""Good game!"" and they high-five.",,/Users/yr/Documents/LibTV Workbench/projects/baby-desert-levels-v1/input/final-prompts/level-090-good-game.txt
91,颜色形状,I see red and blue.,我看见红色和蓝色,PASS,ready,no,no,"The girl points to the two colored halves and says ""I see red and blue.""","The boy touches the red side, then the blue side.",,/Users/yr/Documents/LibTV Workbench/projects/baby-desert-levels-v1/input/final-prompts/level-091-i-see-red-and-blue.txt
92,颜色形状,The sun is yellow.,太阳是黄色的,PASS,ready,no,no,"The boy points up at the sun and says ""The sun is yellow.""",The girl shades her eyes and nods at the sun.,,/Users/yr/Documents/LibTV Workbench/projects/baby-desert-levels-v1/input/final-prompts/level-092-the-sun-is-yellow.txt
93,颜色形状,The grass is green.,草地是绿色的,PASS,ready,no,no,"The girl touches the grass gently and says ""The grass is green.""",The boy looks down at the green blades.,,/Users/yr/Documents/LibTV Workbench/projects/baby-desert-levels-v1/input/final-prompts/level-093-the-grass-is-green.txt
94,颜色形状,The night is dark.,夜晚是黑的,PASS,ready,no,no,"The boy looks up and says ""The night is dark.""",The girl holds the lantern softly so the darkness remains clear but safe.,,/Users/yr/Documents/LibTV Workbench/projects/baby-desert-levels-v1/input/final-prompts/level-094-the-night-is-dark.txt
95,颜色形状,The snow is white.,雪是白色的,PASS,ready,no,no,"The girl catches a snowflake on her mitten and says ""The snow is white.""",The boy points to the white snow on the cloth.,,/Users/yr/Documents/LibTV Workbench/projects/baby-desert-levels-v1/input/final-prompts/level-095-the-snow-is-white.txt
96,颜色形状,It is a circle.,它是圆形,PASS,ready,no,no,"The boy traces the plate's round edge with one finger and says ""It is a circle.""",The girl traces the same round edge and nods.,,/Users/yr/Documents/LibTV Workbench/projects/baby-desert-levels-v1/input/final-prompts/level-096-it-is-a-circle.txt
97,颜色形状,It is a square.,它是正方形,PASS,ready,no,no,"The girl points to each corner and says ""It is a square.""",The boy places a cup in the center of the square tile.,,/Users/yr/Documents/LibTV Workbench/projects/baby-desert-levels-v1/input/final-prompts/level-097-it-is-a-square.txt
98,颜色形状,It is a triangle.,它是三角形,PASS,ready,no,no,"The boy points along the three edges and says ""It is a triangle.""",The girl nods and points to the top point.,,/Users/yr/Documents/LibTV Workbench/projects/baby-desert-levels-v1/input/final-prompts/level-098-it-is-a-triangle.txt
99,颜色形状,It is a star.,它是星星形状,PASS,ready,no,no,"The girl points to the star shape and says ""It is a star.""",The boy gently turns the lantern so the star outline is clear.,,/Users/yr/Documents/LibTV Workbench/projects/baby-desert-levels-v1/input/final-prompts/level-099-it-is-a-star.txt
100,颜色形状,Let's mix the colors.,我们混合颜色吧,PASS,ready,no,no,"The boy dips the brush into both cups and says ""Let's mix the colors.""",The girl watches the colors blend on the stone.,,/Users/yr/Documents/LibTV Workbench/projects/baby-desert-levels-v1/input/final-prompts/level-100-let-s-mix-the-colors.txt
101,数字时间,Count from one to ten.,从一数到十,PASS,ready,no,no,"The girl points from the first shell to the last and says ""Count from one to ten.""",The boy touches each shell in order with his finger.,,/Users/yr/Documents/LibTV Workbench/projects/baby-desert-levels-v1/input/final-prompts/level-101-count-from-one-to-ten.txt
102,数字时间,Count to twenty.,数到二十,PASS,ready,no,no,"The boy points across both rows and says ""Count to twenty.""",The girl counts along with her finger from row one to row two.,,/Users/yr/Documents/LibTV Workbench/projects/baby-desert-levels-v1/input/final-prompts/level-102-count-to-twenty.txt
103,数字时间,Add one more.,再加一个,PASS,ready,no,no,"He places the extra date on the plate and says ""Add one more.""",The girl counts the new group with her finger.,,/Users/yr/Documents/LibTV Workbench/projects/baby-desert-levels-v1/input/final-prompts/level-103-add-one-more.txt
104,数字时间,Take one away.,拿走一个,PASS,ready,no,no,"She moves that one shell away from the row and says ""Take one away.""",The boy counts the smaller row that remains.,,/Users/yr/Documents/LibTV Workbench/projects/baby-desert-levels-v1/input/final-prompts/level-104-take-one-away.txt
105,数字时间,What time is it?,现在几点了,PASS,ready,no,no,"The boy points to the shadow and asks ""What time is it?""","The girl looks at the sky and answers ""Lunch time.""",,/Users/yr/Documents/LibTV Workbench/projects/baby-desert-levels-v1/input/final-prompts/level-105-what-time-is-it.txt
106,数字时间,It's morning time.,现在是早晨时间,PASS,ready,no,no,"The girl opens the tent flap and says ""It's morning time.""",The boy stretches and picks up his satchel.,,/Users/yr/Documents/LibTV Workbench/projects/baby-desert-levels-v1/input/final-prompts/level-106-it-s-morning-time.txt
107,数字时间,It's night time.,现在是夜晚时间,PASS,ready,no,no,"The boy looks up and says ""It's night time.""",The girl folds the mat and points toward the tent.,,/Users/yr/Documents/LibTV Workbench/projects/baby-desert-levels-v1/input/final-prompts/level-107-it-s-night-time.txt
108,数字时间,It takes one hour.,这需要一小时,PASS,ready,no,no,"The girl points to the hourglass and says ""It takes one hour.""",The boy waits patiently as the sand in the hourglass falls.,,/Users/yr/Documents/LibTV Workbench/projects/baby-desert-levels-v1/input/final-prompts/level-108-it-takes-one-hour.txt
109,数字时间,Today is Monday.,今天是星期一,PASS,ready,no,no,"The boy points to the first day picture and says ""Today is Monday.""",The girl nods and opens her book for the first lesson of the week.,,/Users/yr/Documents/LibTV Workbench/projects/baby-desert-levels-v1/input/final-prompts/level-109-today-is-monday.txt
110,数字时间,Tomorrow is Tuesday.,明天是星期二,PASS,ready,no,no,"The girl points to the next day spot and says ""Tomorrow is Tuesday.""",The boy places tomorrow's small book bag beside the tent.,,/Users/yr/Documents/LibTV Workbench/projects/baby-desert-levels-v1/input/final-prompts/level-110-tomorrow-is-tuesday.txt
111,天气季节,It's sunny today.,今天是晴天,PASS,ready,no,no,"The girl looks up and says ""It's sunny today.""",The boy puts on a small sun hat.,,/Users/yr/Documents/LibTV Workbench/projects/baby-desert-levels-v1/input/final-prompts/level-111-it-s-sunny-today.txt
112,天气季节,It's rainy today.,今天是雨天,PASS,ready,no,no,"The boy holds out one hand and says ""It's rainy today.""",The girl opens a small umbrella.,,/Users/yr/Documents/LibTV Workbench/projects/baby-desert-levels-v1/input/final-prompts/level-112-it-s-rainy-today.txt
113,天气季节,It's windy today.,今天刮风,PASS,ready,no,no,"She holds her scarf and says ""It's windy today.""",The boy presses his hat down with both hands.,,/Users/yr/Documents/LibTV Workbench/projects/baby-desert-levels-v1/input/final-prompts/level-113-it-s-windy-today.txt
114,天气季节,It's cloudy today.,今天多云,PASS,ready,no,no,"The boy points upward and says ""It's cloudy today.""",The girl lowers her sun hat because the shade is stronger.,,/Users/yr/Documents/LibTV Workbench/projects/baby-desert-levels-v1/input/final-prompts/level-114-it-s-cloudy-today.txt
115,天气季节,Summer is hot.,夏天很热,PASS,ready,no,no,"The girl wipes her forehead and says ""Summer is hot.""",The boy offers a cup of cool water.,,/Users/yr/Documents/LibTV Workbench/projects/baby-desert-levels-v1/input/final-prompts/level-115-summer-is-hot.txt
116,天气季节,Winter is cold.,冬天很冷,PASS,ready,no,no,"The boy hugs himself and says ""Winter is cold.""",The girl wraps her coral scarf tighter.,,/Users/yr/Documents/LibTV Workbench/projects/baby-desert-levels-v1/input/final-prompts/level-116-winter-is-cold.txt
117,天气季节,Spring is warm.,春天很暖和,PASS,ready,no,no,"The girl holds her hands to the warm sun and says ""Spring is warm.""",The boy smells one flower gently.,,/Users/yr/Documents/LibTV Workbench/projects/baby-desert-levels-v1/input/final-prompts/level-117-spring-is-warm.txt
118,天气季节,Autumn is cool.,秋天很凉爽,PASS,ready,no,no,"The boy feels the cool air on his cheeks and says ""Autumn is cool.""",The girl puts on a light scarf.,,/Users/yr/Documents/LibTV Workbench/projects/baby-desert-levels-v1/input/final-prompts/level-118-autumn-is-cool.txt
119,天气季节,It's raining.,下雨了,PASS,ready,no,no,"The girl holds out her palm and says ""It's raining.""",The boy opens the umbrella over both of them.,,/Users/yr/Documents/LibTV Workbench/projects/baby-desert-levels-v1/input/final-prompts/level-119-it-s-raining.txt
120,天气季节,Snow is falling.,下雪了,PASS,ready,no,no,"The boy looks upward and says ""Snow is falling.""",The girl catches one snowflake on a mitten.,,/Users/yr/Documents/LibTV Workbench/projects/baby-desert-levels-v1/input/final-prompts/level-120-snow-is-falling.txt
121,动物宠物,Feed the dog.,喂小狗,PASS,ready,no,no,"The girl places a little dog food in the bowl and says ""Feed the dog.""",The dog eats gently while the boy watches.,,/Users/yr/Documents/LibTV Workbench/projects/baby-desert-levels-v1/input/final-prompts/level-121-feed-the-dog.txt
122,动物宠物,Walk the dog.,遛小狗,PASS,ready,no,no,"The boy holds the leash and says ""Walk the dog.""","The dog walks beside him calmly, not pulling.",,/Users/yr/Documents/LibTV Workbench/projects/baby-desert-levels-v1/input/final-prompts/level-122-walk-the-dog.txt
123,动物宠物,Pet the cat.,摸摸小猫,PASS,ready,no,no,"The girl strokes the cat's back softly and says ""Pet the cat.""",The cat closes its eyes and purrs gently.,,/Users/yr/Documents/LibTV Workbench/projects/baby-desert-levels-v1/input/final-prompts/level-123-pet-the-cat.txt
124,动物宠物,Watch the fish.,看小鱼,PASS,ready,no,no,"The boy points quietly and says ""Watch the fish.""",The girl leans close without touching the water.,,/Users/yr/Documents/LibTV Workbench/projects/baby-desert-levels-v1/input/final-prompts/level-124-watch-the-fish.txt
125,动物宠物,Don't chase the bird.,不要追小鸟,PASS,ready,no,no,"The girl reaches one hand out gently and says ""Don't chase the bird.""","The boy stops, lowers his hands, and watches from a distance.",,/Users/yr/Documents/LibTV Workbench/projects/baby-desert-levels-v1/input/final-prompts/level-125-don-t-chase-the-bird.txt
126,动物宠物,Let the butterfly fly.,让蝴蝶飞走,PASS,ready,no,no,"The boy opens his own hands as a model and says ""Let the butterfly fly.""",The girl opens her hands and the butterfly flies upward.,,/Users/yr/Documents/LibTV Workbench/projects/baby-desert-levels-v1/input/final-prompts/level-126-let-the-butterfly-fly.txt
127,动物宠物,Ride the horse.,骑马,PASS,ready,no,no,"The boy sits on the horse, holds the front strap, and says ""Ride the horse.""",The horse walks one slow safe step while the girl watches.,,/Users/yr/Documents/LibTV Workbench/projects/baby-desert-levels-v1/input/final-prompts/level-127-ride-the-horse.txt
128,动物宠物,Milk the cow.,挤牛奶,PASS,ready,no,no,"The girl kneels safely beside the bucket and says ""Milk the cow.""",A small stream of milk goes into the bucket.,,/Users/yr/Documents/LibTV Workbench/projects/baby-desert-levels-v1/input/final-prompts/level-128-milk-the-cow.txt
129,动物宠物,Brush the sheep.,给绵羊刷毛,PASS,ready,no,no,"The boy brushes the sheep's wool and says ""Brush the sheep.""",The sheep blinks and stands still.,,/Users/yr/Documents/LibTV Workbench/projects/baby-desert-levels-v1/input/final-prompts/level-129-brush-the-sheep.txt
130,动物宠物,Collect the eggs.,收鸡蛋,PASS,ready,no,no,"The girl places the eggs one by one into a padded basket and says ""Collect the eggs.""",The boy holds the basket steady.,,/Users/yr/Documents/LibTV Workbench/projects/baby-desert-levels-v1/input/final-prompts/level-130-collect-the-eggs.txt
131,动物园,I see a panda.,我看见一只熊猫,PASS,ready,no,no,"The girl points to the panda and says ""I see a panda.""",The boy follows her gaze to the panda.,,/Users/yr/Documents/LibTV Workbench/projects/baby-desert-levels-v1/input/final-prompts/level-131-i-see-a-panda.txt
132,动物园,Watch the monkey.,看这只猴子,PASS,ready,no,no,"The boy points up and says ""Watch the monkey.""",The girl watches as the monkey swings gently.,,/Users/yr/Documents/LibTV Workbench/projects/baby-desert-levels-v1/input/final-prompts/level-132-watch-the-monkey.txt
133,动物园,The giraffe eats leaves.,长颈鹿吃树叶,PASS,ready,no,no,"The girl points to the giraffe's mouth and says ""The giraffe eats leaves.""",The boy watches the leaves disappear as the giraffe chews.,,/Users/yr/Documents/LibTV Workbench/projects/baby-desert-levels-v1/input/final-prompts/level-133-the-giraffe-eats-leaves.txt
134,动物园,Look at the turtle.,看这只乌龟,PASS,ready,no,no,"The boy kneels, points gently, and says ""Look at the turtle.""",The girl crouches beside him and watches the turtle.,,/Users/yr/Documents/LibTV Workbench/projects/baby-desert-levels-v1/input/final-prompts/level-134-look-at-the-turtle.txt
135,动物园,Hear the lion roar.,听狮子吼叫,PASS,ready,no,no,"The lion opens its mouth and the boy cups his ear, saying ""Hear the lion roar.""",The girl listens with wide but happy eyes.,,/Users/yr/Documents/LibTV Workbench/projects/baby-desert-levels-v1/input/final-prompts/level-135-hear-the-lion-roar.txt
136,动物园,I see a tiger.,我看见一只老虎,PASS,ready,no,no,"The girl points to the tiger and says ""I see a tiger.""",The boy turns to see the tiger stripes.,,/Users/yr/Documents/LibTV Workbench/projects/baby-desert-levels-v1/input/final-prompts/level-136-i-see-a-tiger.txt
137,动物园,The elephant is big.,大象很大,PASS,ready,no,no,"The boy spreads his arms wide and says ""The elephant is big.""",The girl looks up at the elephant.,,/Users/yr/Documents/LibTV Workbench/projects/baby-desert-levels-v1/input/final-prompts/level-137-the-elephant-is-big.txt
138,动物园,The mouse is small.,小老鼠很小,PASS,ready,no,no,"The girl points with one finger and says ""The mouse is small.""",The boy crouches carefully to look without touching.,,/Users/yr/Documents/LibTV Workbench/projects/baby-desert-levels-v1/input/final-prompts/level-138-the-mouse-is-small.txt
139,动物园,The snake is long.,蛇很长,PASS,ready,no,no,"The boy traces the long curve in the air and says ""The snake is long.""",The girl follows the snake from head to tail with her eyes.,,/Users/yr/Documents/LibTV Workbench/projects/baby-desert-levels-v1/input/final-prompts/level-139-the-snake-is-long.txt
140,动物园,The camel is tall.,骆驼很高,PASS,ready,no,no,"The girl looks up, raises one hand high, and says ""The camel is tall.""",The boy stands near the camel's legs and looks upward.,,/Users/yr/Documents/LibTV Workbench/projects/baby-desert-levels-v1/input/final-prompts/level-140-the-camel-is-tall.txt
141,出行交通,Let's take the bus.,我们坐公交车吧,PASS,ready,no,no,"The girl points to the bus and says ""Let's take the bus.""",The boy walks with her toward the open door.,,/Users/yr/Documents/LibTV Workbench/projects/baby-desert-levels-v1/input/final-prompts/level-141-let-s-take-the-bus.txt
142,出行交通,Let's go by car.,我们坐小汽车去吧,PASS,ready,no,no,"The boy points to the car and says ""Let's go by car.""",The girl walks to the car and opens the passenger door.,,/Users/yr/Documents/LibTV Workbench/projects/baby-desert-levels-v1/input/final-prompts/level-142-let-s-go-by-car.txt
143,出行交通,Let's go by bike.,我们骑自行车去吧,PASS,ready,no,no,"The girl puts on her helmet and says ""Let's go by bike.""",The boy puts on his helmet and holds his handlebars.,,/Users/yr/Documents/LibTV Workbench/projects/baby-desert-levels-v1/input/final-prompts/level-143-let-s-go-by-bike.txt
144,出行交通,Let's take the train.,我们坐火车吧,PASS,ready,no,no,"The boy points to the train door and says ""Let's take the train.""",The girl steps toward the open train car.,,/Users/yr/Documents/LibTV Workbench/projects/baby-desert-levels-v1/input/final-prompts/level-144-let-s-take-the-train.txt
145,出行交通,Get on the bus.,上公交车,PASS,ready,no,no,"The girl steps up through the door and says ""Get on the bus.""",The boy follows her onto the bus.,,/Users/yr/Documents/LibTV Workbench/projects/baby-desert-levels-v1/input/final-prompts/level-145-get-on-the-bus.txt
146,出行交通,Get off the bus.,下公交车,PASS,ready,no,no,"The boy steps down from the bus and says ""Get off the bus.""",The girl follows him down to the sand.,,/Users/yr/Documents/LibTV Workbench/projects/baby-desert-levels-v1/input/final-prompts/level-146-get-off-the-bus.txt
147,出行交通,Fasten your seatbelt.,系好安全带,PASS,ready,no,no,"The boy points to the belt and says ""Fasten your seatbelt.""",The girl pulls the belt across and clicks it in.,,/Users/yr/Documents/LibTV Workbench/projects/baby-desert-levels-v1/input/final-prompts/level-147-fasten-your-seatbelt.txt
148,出行交通,Stop at the light.,在灯前停下,PASS,ready,no,no,"The girl lifts one palm and says ""Stop at the light.""",The boy stops the car before the light.,,/Users/yr/Documents/LibTV Workbench/projects/baby-desert-levels-v1/input/final-prompts/level-148-stop-at-the-light.txt
149,出行交通,Go straight.,直走,PASS,ready,no,no,"The boy points forward and says ""Go straight.""",The girl walks forward on the straight path.,,/Users/yr/Documents/LibTV Workbench/projects/baby-desert-levels-v1/input/final-prompts/level-149-go-straight.txt
150,出行交通,Turn left.,向左转,PASS,ready,no,no,"The girl points left with her whole arm and says ""Turn left.""",The boy turns his body and feet onto the left path.,,/Users/yr/Documents/LibTV Workbench/projects/baby-desert-levels-v1/input/final-prompts/level-150-turn-left.txt
151,购物消费,How much is it?,它多少钱,PASS,ready,no,no,"The girl points to the scarf and asks ""How much is it?""",The boy seller shows a small number of toy coins without readable labels.,,/Users/yr/Documents/LibTV Workbench/projects/baby-desert-levels-v1/input/final-prompts/level-151-how-much-is-it.txt
152,购物消费,That's too expensive.,那太贵了,PASS,ready,no,no,"The girl looks surprised, holds her small coin pouch, and says ""That's too expensive.""",The boy moves the big basket aside and shows a smaller item.,,/Users/yr/Documents/LibTV Workbench/projects/baby-desert-levels-v1/input/final-prompts/level-152-that-s-too-expensive.txt
153,购物消费,Can I pay now?,我现在可以付款吗,PASS,ready,no,no,"She looks at the boy seller and asks ""Can I pay now?""",The boy opens a small tray for the coins.,,/Users/yr/Documents/LibTV Workbench/projects/baby-desert-levels-v1/input/final-prompts/level-153-can-i-pay-now.txt
154,购物消费,I'll buy this.,我要买这个,PASS,ready,no,no,"The boy points only to the bracelet and says ""I'll buy this.""",The girl seller moves the bracelet toward him.,,/Users/yr/Documents/LibTV Workbench/projects/baby-desert-levels-v1/input/final-prompts/level-154-i-ll-buy-this.txt
155,购物消费,"I want this, please.",请给我这个,PASS,ready,no,no,"The girl points to the toy camel and says ""I want this, please.""",The boy seller hands her the toy camel.,,/Users/yr/Documents/LibTV Workbench/projects/baby-desert-levels-v1/input/final-prompts/level-155-i-want-this-please.txt
156,购物消费,Here is your change.,这是找你的零钱,PASS,ready,no,no,"The boy places the coin in her palm and says ""Here is your change.""",The girl looks at the coin and puts it into her pouch.,,/Users/yr/Documents/LibTV Workbench/projects/baby-desert-levels-v1/input/final-prompts/level-156-here-is-your-change.txt
157,购物消费,Save your money.,把钱存起来,PASS,ready,no,no,"The girl points to his small coin jar and says ""Save your money.""",The boy drops the coins into the jar instead of buying.,,/Users/yr/Documents/LibTV Workbench/projects/baby-desert-levels-v1/input/final-prompts/level-157-save-your-money.txt
158,购物消费,Count the money.,数一数钱,PASS,ready,no,no,"The girl points to each coin and says ""Count the money.""",The boy moves each coin into a neat row as he counts.,,/Users/yr/Documents/LibTV Workbench/projects/baby-desert-levels-v1/input/final-prompts/level-158-count-the-money.txt
159,购物消费,This is cheap.,这个便宜,PASS,ready,no,no,"The boy points to the bracelet and says ""This is cheap.""",The girl smiles because the price uses just a few coins.,,/Users/yr/Documents/LibTV Workbench/projects/baby-desert-levels-v1/input/final-prompts/level-159-this-is-cheap.txt
160,购物消费,This one is expensive.,这个很贵,PASS,ready,no,no,"The girl points to the basket and says ""This one is expensive.""",The boy looks at his smaller coin pouch and shakes his head.,,/Users/yr/Documents/LibTV Workbench/projects/baby-desert-levels-v1/input/final-prompts/level-160-this-one-is-expensive.txt
161,学校学习,Read the book.,读这本书,PASS,ready,no,no,"The boy opens the book and says ""Read the book.""",The girl looks at the pictures while he reads softly.,,/Users/yr/Documents/LibTV Workbench/projects/baby-desert-levels-v1/input/final-prompts/level-161-read-the-book.txt
162,学校学习,Write the word.,写这个单词,PASS,ready,no,no,"The girl writes one short blurred word-like mark and says ""Write the word.""",The boy watches the pencil move from left to right.,,/Users/yr/Documents/LibTV Workbench/projects/baby-desert-levels-v1/input/final-prompts/level-162-write-the-word.txt
163,学校学习,Draw a picture.,画一幅画,PASS,ready,no,no,"The boy draws a simple sun picture and says ""Draw a picture.""",The girl watches the picture appear.,,/Users/yr/Documents/LibTV Workbench/projects/baby-desert-levels-v1/input/final-prompts/level-163-draw-a-picture.txt
164,学校学习,Do your homework.,做你的作业,PASS,ready,no,no,"The girl points to the worksheet and says ""Do your homework.""",The boy draws one line to finish the picture task.,,/Users/yr/Documents/LibTV Workbench/projects/baby-desert-levels-v1/input/final-prompts/level-164-do-your-homework.txt
165,学校学习,Ask a question.,问一个问题,PASS,ready,no,no,"He raises his hand a little and says ""Ask a question.""",The girl listens and opens her palm to him.,,/Users/yr/Documents/LibTV Workbench/projects/baby-desert-levels-v1/input/final-prompts/level-165-ask-a-question.txt
166,学校学习,Answer the question.,回答这个问题,PASS,ready,no,no,"The boy points to the cup and says ""Answer the question.""","He adds ""A shell."" and the girl lifts the cup to reveal the shell.",,/Users/yr/Documents/LibTV Workbench/projects/baby-desert-levels-v1/input/final-prompts/level-166-answer-the-question.txt
167,学校学习,Let's learn English.,我们学英语吧,PASS,ready,no,no,"The girl opens the book and says ""Let's learn English.""",The boy repeats one simple greeting after her.,,/Users/yr/Documents/LibTV Workbench/projects/baby-desert-levels-v1/input/final-prompts/level-167-let-s-learn-english.txt
168,学校学习,"Speak English, please.",请说英语,PASS,ready,no,no,"The girl touches her ear, then points to his mouth, and says ""Speak English, please.""","The boy says ""Water, please."" and she gives him the cup.",,/Users/yr/Documents/LibTV Workbench/projects/baby-desert-levels-v1/input/final-prompts/level-168-speak-english-please.txt
169,学校学习,Try your best.,尽力试试,PASS,ready,no,no,"The girl gives a thumbs-up and says ""Try your best.""","The boy breathes, places the block carefully, and keeps trying.",,/Users/yr/Documents/LibTV Workbench/projects/baby-desert-levels-v1/input/final-prompts/level-169-try-your-best.txt
170,学校学习,Try again.,再试一次,PASS,ready,no,no,"The boy hands the string back and says ""Try again.""",The girl runs once more and the kite rises this time.,,/Users/yr/Documents/LibTV Workbench/projects/baby-desert-levels-v1/input/final-prompts/level-170-try-again.txt
171,音乐艺术,Sing a song.,唱一首歌,PASS,ready,no,no,"She sings a short melody and says ""Sing a song.""",The boy listens and claps gently.,,/Users/yr/Documents/LibTV Workbench/projects/baby-desert-levels-v1/input/final-prompts/level-171-sing-a-song.txt
172,音乐艺术,Play the piano.,弹钢琴,PASS,ready,no,no,"The boy presses the keys and says ""Play the piano.""",The girl sways to the simple tune.,,/Users/yr/Documents/LibTV Workbench/projects/baby-desert-levels-v1/input/final-prompts/level-172-play-the-piano.txt
173,音乐艺术,Play the drum.,打鼓,PASS,ready,no,no,"The girl taps the drum with both hands and says ""Play the drum.""",The boy claps once to the beat.,,/Users/yr/Documents/LibTV Workbench/projects/baby-desert-levels-v1/input/final-prompts/level-173-play-the-drum.txt
174,音乐艺术,You dance well.,你跳得很好,PASS,ready,no,no,"The girl watches him, claps, and says ""You dance well.""",The boy bows with a proud smile.,,/Users/yr/Documents/LibTV Workbench/projects/baby-desert-levels-v1/input/final-prompts/level-174-you-dance-well.txt
175,音乐艺术,Draw a line.,画一条线,PASS,ready,no,no,"The boy pulls one stick straight across the sand and says ""Draw a line.""",The girl follows the straight line with her finger.,,/Users/yr/Documents/LibTV Workbench/projects/baby-desert-levels-v1/input/final-prompts/level-175-draw-a-line.txt
176,音乐艺术,Paint it red.,把它涂成红色,PASS,ready,no,no,"The girl dips a brush into the red paint and says ""Paint it red.""",The boy watches the pot turn red.,,/Users/yr/Documents/LibTV Workbench/projects/baby-desert-levels-v1/input/final-prompts/level-176-paint-it-red.txt
177,音乐艺术,Let's make music.,我们做音乐吧,PASS,ready,no,no,"The boy lifts the shaker and says ""Let's make music.""",The girl taps the drum softly in time.,,/Users/yr/Documents/LibTV Workbench/projects/baby-desert-levels-v1/input/final-prompts/level-177-let-s-make-music.txt
178,音乐艺术,Clap the rhythm.,拍节奏,PASS,ready,no,no,"She claps the same beat and says ""Clap the rhythm.""",The boy copies the clap pattern.,,/Users/yr/Documents/LibTV Workbench/projects/baby-desert-levels-v1/input/final-prompts/level-178-clap-the-rhythm.txt
179,音乐艺术,The sound is loud.,声音很大,PASS,ready,no,no,"He points to the drum and says ""The sound is loud.""",The girl covers her ears gently but smiles.,,/Users/yr/Documents/LibTV Workbench/projects/baby-desert-levels-v1/input/final-prompts/level-179-the-sound-is-loud.txt
180,音乐艺术,The sound is soft.,声音很轻,PASS,ready,no,no,"She listens closely and says ""The sound is soft.""",The boy leans in to hear the quiet bell.,,/Users/yr/Documents/LibTV Workbench/projects/baby-desert-levels-v1/input/final-prompts/level-180-the-sound-is-soft.txt
181,运动比赛,Kick the ball.,踢这个球,PASS,ready,no,no,"The girl points to the ball and says ""Kick the ball.""",The boy kicks the ball gently toward her.,,/Users/yr/Documents/LibTV Workbench/projects/baby-desert-levels-v1/input/final-prompts/level-181-kick-the-ball.txt
182,运动比赛,Throw the ball.,扔这个球,PASS,ready,no,no,"He lifts it toward the girl and says ""Throw the ball.""",He throws the ball gently through the air.,,/Users/yr/Documents/LibTV Workbench/projects/baby-desert-levels-v1/input/final-prompts/level-182-throw-the-ball.txt
183,运动比赛,Catch the ball.,接住这个球,PASS,ready,no,no,"She says ""Catch the ball."" and tosses it slowly.",The boy catches the ball with both hands.,,/Users/yr/Documents/LibTV Workbench/projects/baby-desert-levels-v1/input/final-prompts/level-183-catch-the-ball.txt
184,运动比赛,Bounce the ball.,拍这个球,PASS,ready,no,no,"The boy pushes the ball down and says ""Bounce the ball.""",The ball bounces back up clearly.,,/Users/yr/Documents/LibTV Workbench/projects/baby-desert-levels-v1/input/final-prompts/level-184-bounce-the-ball.txt
185,运动比赛,Let's run a race.,我们赛跑吧,PASS,ready,no,no,"The girl points to the finish palm and says ""Let's run a race.""",Both children line up and run together.,,/Users/yr/Documents/LibTV Workbench/projects/baby-desert-levels-v1/input/final-prompts/level-185-let-s-run-a-race.txt
186,运动比赛,Swim fast!,游快点,PASS,ready,no,no,"The girl calls from the edge and says ""Swim fast!""",The boy kicks across the short pool with quick splashes.,,/Users/yr/Documents/LibTV Workbench/projects/baby-desert-levels-v1/input/final-prompts/level-186-swim-fast.txt
187,运动比赛,Jump rope.,跳绳,PASS,ready,no,no,"She swings it slowly and says ""Jump rope.""",The boy watches as she jumps over it once.,,/Users/yr/Documents/LibTV Workbench/projects/baby-desert-levels-v1/input/final-prompts/level-187-jump-rope.txt
188,运动比赛,Play soccer.,踢足球,PASS,ready,no,no,"The boy taps the ball with his foot and says ""Play soccer.""",The girl runs beside him and blocks gently.,,/Users/yr/Documents/LibTV Workbench/projects/baby-desert-levels-v1/input/final-prompts/level-188-play-soccer.txt
189,运动比赛,You scored a goal!,你进球了,PASS,ready,no,no,"The girl points to the goal and says ""You scored a goal!""",The boy lifts his arms happily after the ball crosses the posts.,,/Users/yr/Documents/LibTV Workbench/projects/baby-desert-levels-v1/input/final-prompts/level-189-you-scored-a-goal.txt
190,运动比赛,We won the game!,我们赢了比赛,PASS,ready,no,no,"The boy raises both hands and says ""We won the game!""",The girl raises her hands too because they won as a team.,,/Users/yr/Documents/LibTV Workbench/projects/baby-desert-levels-v1/input/final-prompts/level-190-we-won-the-game.txt
191,职业梦想,I want to be a doctor.,我想当医生,PASS,ready,no,no,"The girl puts the stethoscope around her neck and says ""I want to be a doctor.""",The boy offers his wrist for a pretend check.,,/Users/yr/Documents/LibTV Workbench/projects/baby-desert-levels-v1/input/final-prompts/level-191-i-want-to-be-a-doctor.txt
192,职业梦想,I want to be a teacher.,我想当老师,PASS,ready,no,no,"The girl points to one picture and says ""I want to be a teacher.""",The boy listens and repeats a simple word.,,/Users/yr/Documents/LibTV Workbench/projects/baby-desert-levels-v1/input/final-prompts/level-192-i-want-to-be-a-teacher.txt
193,职业梦想,I want to be a cook.,我想当厨师,PASS,ready,no,no,"The boy stirs the pot and says ""I want to be a cook.""",The girl smells the pretend soup and smiles.,,/Users/yr/Documents/LibTV Workbench/projects/baby-desert-levels-v1/input/final-prompts/level-193-i-want-to-be-a-cook.txt
194,职业梦想,I want to be a driver.,我想当司机,PASS,ready,no,no,"The girl holds the wheel and says ""I want to be a driver.""",The boy sits beside her and fastens a pretend belt.,,/Users/yr/Documents/LibTV Workbench/projects/baby-desert-levels-v1/input/final-prompts/level-194-i-want-to-be-a-driver.txt
195,职业梦想,I want to be a singer.,我想当歌手,PASS,ready,no,no,"The boy holds the flower and says ""I want to be a singer.""",The girl claps while he sings one soft note.,,/Users/yr/Documents/LibTV Workbench/projects/baby-desert-levels-v1/input/final-prompts/level-195-i-want-to-be-a-singer.txt
196,职业梦想,I want to be a player.,我想当运动员,PASS,ready,no,no,"She bounces the ball and says ""I want to be a player.""",The boy cheers and passes the ball back.,,/Users/yr/Documents/LibTV Workbench/projects/baby-desert-levels-v1/input/final-prompts/level-196-i-want-to-be-a-player.txt
197,职业梦想,I want to be a scientist.,我想当科学家,PASS,ready,no,no,"The boy looks through the magnifying glass and says ""I want to be a scientist.""",The girl watches him study the leaf carefully.,,/Users/yr/Documents/LibTV Workbench/projects/baby-desert-levels-v1/input/final-prompts/level-197-i-want-to-be-a-scientist.txt
198,职业梦想,I want to be an artist.,我想当艺术家,PASS,ready,no,no,"She paints one gentle flower and says ""I want to be an artist.""",The boy watches the picture appear.,,/Users/yr/Documents/LibTV Workbench/projects/baby-desert-levels-v1/input/final-prompts/level-198-i-want-to-be-an-artist.txt
199,职业梦想,I want to be a writer.,我想当作家,PASS,ready,no,no,"The boy moves the pencil across the page and says ""I want to be a writer.""","The girl looks at the blank-picture page beside him, not at readable text.",,/Users/yr/Documents/LibTV Workbench/projects/baby-desert-levels-v1/input/final-prompts/level-199-i-want-to-be-a-writer.txt
200,职业梦想,What do you want to be?,你想当什么,PASS,ready,no,no,"The girl looks at the boy, opens one palm toward the props, and asks ""What do you want to be?""","The boy picks up the stethoscope and answers ""A doctor.""",,/Users/yr/Documents/LibTV Workbench/projects/baby-desert-levels-v1/input/final-prompts/level-200-what-do-you-want-to-be.txt
