level,topic,oldEnglish,newEnglish,chinese,pepBridge,audioKey,ttsText,speaker,audioStatus,audioUrl
1,日常问候,Good morning,Good morning!,早上好,PEP三上 U1 Making friends,good morning,Good morning!,en_female_hayley_uranus_bigtts,generated,assets/audio/words/good_morning.mp3
2,日常问候,How are you,How are you?,你好吗,PEP三上 U1 Making friends,how are you,How are you?,en_female_hayley_uranus_bigtts,generated,assets/audio/words/how_are_you.mp3
3,日常问候,See you later,See you later!,待会儿见,PEP三上 U1 Making friends,see you later,See you later!,en_female_hayley_uranus_bigtts,generated,assets/audio/words/see_you_later.mp3
4,日常问候,Good night,Good night!,晚安,PEP三上 U1 Making friends,good night,Good night!,en_female_hayley_uranus_bigtts,generated,assets/audio/words/good_night.mp3
5,日常问候,Have fun,Have fun!,玩得开心,PEP三上 U1 Making friends,have fun,Have fun!,en_female_hayley_uranus_bigtts,generated,assets/audio/words/have_fun.mp3
6,日常问候,Goodbye,Goodbye!,再见,PEP三上 U1 Making friends,goodbye,Goodbye!,en_female_hayley_uranus_bigtts,generated,assets/audio/words/goodbye.mp3
7,日常问候,Thank you,Thank you!,谢谢你,PEP三上 U1 Making friends,thank you,Thank you!,en_female_hayley_uranus_bigtts,generated,assets/audio/words/thank_you.mp3
8,日常问候,You're welcome,You're welcome!,不用谢,PEP三上 U1 Making friends,you're welcome,You're welcome!,en_female_hayley_uranus_bigtts,generated,assets/audio/words/you_re_welcome.mp3
9,日常问候,Excuse me,Excuse me.,打扰一下,PEP三上 U1 Making friends,excuse me,Excuse me.,en_female_hayley_uranus_bigtts,generated,assets/audio/words/excuse_me.mp3
10,日常问候,I'm sorry,I'm sorry.,对不起,PEP三上 U1 Making friends,i'm sorry,I'm sorry.,en_female_hayley_uranus_bigtts,generated,assets/audio/words/i_m_sorry.mp3
11,课堂规则,Listen up,"Listen, please.",请注意听,PEP三上 U1 Making friends,"listen, please","Listen, please.",en_female_hayley_uranus_bigtts,generated,assets/audio/words/listen__please.mp3
12,课堂规则,Hands up,Raise your hand.,请举手,PEP三上 U1 Making friends,raise your hand,Raise your hand.,en_female_hayley_uranus_bigtts,generated,assets/audio/words/raise_your_hand.mp3
13,课堂规则,Line up,Let's line up.,我们排队吧,PEP三上 U1 Making friends,let's line up,Let's line up.,en_female_hayley_uranus_bigtts,generated,assets/audio/words/let_s_line_up.mp3
14,课堂规则,Sit down,"Sit down, please.",请坐下,PEP三上 U1 Making friends,"sit down, please","Sit down, please.",en_female_hayley_uranus_bigtts,generated,assets/audio/words/sit_down__please.mp3
15,课堂规则,Stand up,"Stand up, please.",请站起来,PEP三上 U1 Making friends,"stand up, please","Stand up, please.",en_female_hayley_uranus_bigtts,generated,assets/audio/words/stand_up__please.mp3
16,课堂规则,Look here,Look over here.,看这边,PEP三上 U1 Making friends,look over here,Look over here.,en_female_hayley_uranus_bigtts,generated,assets/audio/words/look_over_here.mp3
17,课堂规则,Quiet please,"Quiet, please.",请安静,PEP三上 U1 Making friends,"quiet, please","Quiet, please.",en_female_hayley_uranus_bigtts,generated,assets/audio/words/quiet__please.mp3
18,课堂规则,Raise your hand,Can you answer?,你能回答吗,PEP三上 U1 Making friends,can you answer,Can you answer?,en_female_hayley_uranus_bigtts,generated,assets/audio/words/can_you_answer.mp3
19,课堂规则,Answer me,Let's work together.,我们一起合作吧,PEP三上 U1 Making friends,let's work together,Let's work together.,en_female_hayley_uranus_bigtts,generated,assets/audio/words/let_s_work_together.mp3
20,课堂规则,Work in pairs,Try it with me.,和我一起试试,PEP三上 U1 Making friends,try it with me,Try it with me.,en_female_hayley_uranus_bigtts,generated,assets/audio/words/try_it_with_me.mp3
21,一日三餐,Have breakfast,Let's have breakfast.,我们吃早餐吧,PEP生活饮食主题拓展,let's have breakfast,Let's have breakfast.,en_female_hayley_uranus_bigtts,generated,assets/audio/words/let_s_have_breakfast.mp3
22,一日三餐,Have lunch,Let's have lunch.,我们吃午餐吧,PEP生活饮食主题拓展,let's have lunch,Let's have lunch.,en_female_hayley_uranus_bigtts,generated,assets/audio/words/let_s_have_lunch.mp3
23,一日三餐,Have dinner,Let's have dinner.,我们吃晚餐吧,PEP生活饮食主题拓展,let's have dinner,Let's have dinner.,en_female_hayley_uranus_bigtts,generated,assets/audio/words/let_s_have_dinner.mp3
24,一日三餐,Drink milk,Drink some milk.,喝点牛奶,PEP生活饮食主题拓展,drink some milk,Drink some milk.,en_female_hayley_uranus_bigtts,generated,assets/audio/words/drink_some_milk.mp3
25,一日三餐,Wash hands,Wash your hands.,洗洗手,PEP生活饮食主题拓展,wash your hands,Wash your hands.,en_female_hayley_uranus_bigtts,generated,assets/audio/words/wash_your_hands.mp3
26,一日三餐,Wipe mouth,Wipe your mouth.,擦擦嘴,PEP生活饮食主题拓展,wipe your mouth,Wipe your mouth.,en_female_hayley_uranus_bigtts,generated,assets/audio/words/wipe_your_mouth.mp3
27,一日三餐,Use chopsticks,Use your chopsticks.,用你的筷子,PEP生活饮食主题拓展,use your chopsticks,Use your chopsticks.,en_female_hayley_uranus_bigtts,generated,assets/audio/words/use_your_chopsticks.mp3
28,一日三餐,Taste it,Taste it.,尝一尝,PEP生活饮食主题拓展,taste it,Taste it.,en_female_hayley_uranus_bigtts,generated,assets/audio/words/taste_it.mp3
29,一日三餐,Full up,I'm full.,我吃饱了,PEP生活饮食主题拓展,i'm full,I'm full.,en_female_hayley_uranus_bigtts,generated,assets/audio/words/i_m_full.mp3
30,一日三餐,More rice,"More rice, please.",请再来点饭,PEP生活饮食主题拓展,"more rice, please","More rice, please.",en_female_hayley_uranus_bigtts,generated,assets/audio/words/more_rice__please.mp3
31,零食水果,Cut apple,Cut the apple.,切这个苹果,PEP生活饮食主题拓展,cut the apple,Cut the apple.,en_female_hayley_uranus_bigtts,generated,assets/audio/words/cut_the_apple.mp3
32,零食水果,Peel banana,Peel the banana.,剥这个香蕉,PEP生活饮食主题拓展,peel the banana,Peel the banana.,en_female_hayley_uranus_bigtts,generated,assets/audio/words/peel_the_banana.mp3
33,零食水果,Open snack,Open the snack bag.,打开零食袋,PEP生活饮食主题拓展,open the snack bag,Open the snack bag.,en_female_hayley_uranus_bigtts,generated,assets/audio/words/open_the_snack_bag.mp3
34,零食水果,Share cookie,Let's share this cookie.,我们分享这块饼干吧,PEP生活饮食主题拓展,let's share this cookie,Let's share this cookie.,en_female_hayley_uranus_bigtts,generated,assets/audio/words/let_s_share_this_cookie.mp3
35,零食水果,Sweet candy,The candy is sweet.,糖果是甜的,PEP生活饮食主题拓展,the candy is sweet,The candy is sweet.,en_female_hayley_uranus_bigtts,generated,assets/audio/words/the_candy_is_sweet.mp3
36,零食水果,Sour lemon,The lemon is sour.,柠檬是酸的,PEP生活饮食主题拓展,the lemon is sour,The lemon is sour.,en_female_hayley_uranus_bigtts,generated,assets/audio/words/the_lemon_is_sour.mp3
37,零食水果,Eat slowly,Eat slowly.,慢慢吃,PEP生活饮食主题拓展,eat slowly,Eat slowly.,en_female_hayley_uranus_bigtts,generated,assets/audio/words/eat_slowly.mp3
38,零食水果,No sugar,"No sugar, please.",请不要糖,PEP生活饮食主题拓展,"no sugar, please","No sugar, please.",en_female_hayley_uranus_bigtts,generated,assets/audio/words/no_sugar__please.mp3
39,零食水果,Yummy taste,It tastes yummy.,它尝起来很好吃,PEP生活饮食主题拓展,it tastes yummy,It tastes yummy.,en_female_hayley_uranus_bigtts,generated,assets/audio/words/it_tastes_yummy.mp3
40,零食水果,Bite it,Take a bite.,咬一口,PEP生活饮食主题拓展,take a bite,Take a bite.,en_female_hayley_uranus_bigtts,generated,assets/audio/words/take_a_bite.mp3
41,洗漱卫生,Brush teeth,Brush your teeth.,刷刷牙,PEP日常生活主题拓展,brush your teeth,Brush your teeth.,en_female_hayley_uranus_bigtts,generated,assets/audio/words/brush_your_teeth.mp3
42,洗漱卫生,Wash face,Wash your face.,洗洗脸,PEP日常生活主题拓展,wash your face,Wash your face.,en_female_hayley_uranus_bigtts,generated,assets/audio/words/wash_your_face.mp3
43,洗漱卫生,Comb hair,Comb your hair.,梳梳头发,PEP日常生活主题拓展,comb your hair,Comb your hair.,en_female_hayley_uranus_bigtts,generated,assets/audio/words/comb_your_hair.mp3
44,洗漱卫生,Take a bath,Take a bath.,洗个澡,PEP日常生活主题拓展,take a bath,Take a bath.,en_female_hayley_uranus_bigtts,generated,assets/audio/words/take_a_bath.mp3
45,洗漱卫生,Flush toilet,Flush the toilet.,冲马桶,PEP日常生活主题拓展,flush the toilet,Flush the toilet.,en_female_hayley_uranus_bigtts,generated,assets/audio/words/flush_the_toilet.mp3
46,洗漱卫生,Use soap,Use soap.,用肥皂,PEP日常生活主题拓展,use soap,Use soap.,en_female_hayley_uranus_bigtts,generated,assets/audio/words/use_soap.mp3
47,洗漱卫生,Dry hands,Dry your hands.,擦干手,PEP日常生活主题拓展,dry your hands,Dry your hands.,en_female_hayley_uranus_bigtts,generated,assets/audio/words/dry_your_hands.mp3
48,洗漱卫生,Change clothes,Change your clothes.,换衣服,PEP日常生活主题拓展,change your clothes,Change your clothes.,en_female_hayley_uranus_bigtts,generated,assets/audio/words/change_your_clothes.mp3
49,洗漱卫生,Cut nails,Cut your nails.,剪指甲,PEP日常生活主题拓展,cut your nails,Cut your nails.,en_female_hayley_uranus_bigtts,generated,assets/audio/words/cut_your_nails.mp3
50,洗漱卫生,Blow nose,Blow your nose.,擤鼻子,PEP日常生活主题拓展,blow your nose,Blow your nose.,en_female_hayley_uranus_bigtts,generated,assets/audio/words/blow_your_nose.mp3
51,身体动作,Run fast,Run fast!,跑快点,PEP自我认知主题拓展,run fast,Run fast!,en_female_hayley_uranus_bigtts,generated,assets/audio/words/run_fast.mp3
52,身体动作,Jump high,Jump high!,跳高点,PEP自我认知主题拓展,jump high,Jump high!,en_female_hayley_uranus_bigtts,generated,assets/audio/words/jump_high.mp3
53,身体动作,Clap hands,Clap your hands.,拍拍手,PEP自我认知主题拓展,clap your hands,Clap your hands.,en_female_hayley_uranus_bigtts,generated,assets/audio/words/clap_your_hands.mp3
54,身体动作,Stamp feet,Stamp your feet.,跺跺脚,PEP自我认知主题拓展,stamp your feet,Stamp your feet.,en_female_hayley_uranus_bigtts,generated,assets/audio/words/stamp_your_feet.mp3
55,身体动作,Touch nose,Touch your nose.,摸摸鼻子,PEP自我认知主题拓展,touch your nose,Touch your nose.,en_female_hayley_uranus_bigtts,generated,assets/audio/words/touch_your_nose.mp3
56,身体动作,Close eyes,Close your eyes.,闭上眼睛,PEP自我认知主题拓展,close your eyes,Close your eyes.,en_female_hayley_uranus_bigtts,generated,assets/audio/words/close_your_eyes.mp3
57,身体动作,Open mouth,Open your mouth.,张开嘴巴,PEP自我认知主题拓展,open your mouth,Open your mouth.,en_female_hayley_uranus_bigtts,generated,assets/audio/words/open_your_mouth.mp3
58,身体动作,Shake head,Shake your head.,摇摇头,PEP自我认知主题拓展,shake your head,Shake your head.,en_female_hayley_uranus_bigtts,generated,assets/audio/words/shake_your_head.mp3
59,身体动作,Turn around,Turn around.,转一圈,PEP自我认知主题拓展,turn around,Turn around.,en_female_hayley_uranus_bigtts,generated,assets/audio/words/turn_around.mp3
60,身体动作,Sit still,"Sit still, please.",请坐好不动,PEP自我认知主题拓展,"sit still, please","Sit still, please.",en_female_hayley_uranus_bigtts,generated,assets/audio/words/sit_still__please.mp3
61,情绪表达,I'm happy,I'm happy.,我很开心,PEP三上 U1 Making friends,i'm happy,I'm happy.,en_female_hayley_uranus_bigtts,generated,assets/audio/words/i_m_happy.mp3
62,情绪表达,I'm sad,I'm sad.,我很难过,PEP三上 U1 Making friends,i'm sad,I'm sad.,en_female_hayley_uranus_bigtts,generated,assets/audio/words/i_m_sad.mp3
63,情绪表达,I'm angry,I'm angry.,我生气了,PEP三上 U1 Making friends,i'm angry,I'm angry.,en_female_hayley_uranus_bigtts,generated,assets/audio/words/i_m_angry.mp3
64,情绪表达,I'm scared,I'm scared.,我害怕了,PEP三上 U1 Making friends,i'm scared,I'm scared.,en_female_hayley_uranus_bigtts,generated,assets/audio/words/i_m_scared.mp3
65,情绪表达,Be brave,Be brave.,勇敢一点,PEP三上 U1 Making friends,be brave,Be brave.,en_female_hayley_uranus_bigtts,generated,assets/audio/words/be_brave.mp3
66,情绪表达,Calm down,Calm down.,冷静下来,PEP三上 U1 Making friends,calm down,Calm down.,en_female_hayley_uranus_bigtts,generated,assets/audio/words/calm_down.mp3
67,情绪表达,Don't cry,Don't cry.,别哭,PEP三上 U1 Making friends,don't cry,Don't cry.,en_female_hayley_uranus_bigtts,generated,assets/audio/words/don_t_cry.mp3
68,情绪表达,Cheer up,Cheer up!,打起精神,PEP三上 U1 Making friends,cheer up,Cheer up!,en_female_hayley_uranus_bigtts,generated,assets/audio/words/cheer_up.mp3
69,情绪表达,Smile big,Give me a big smile.,给我一个大大的笑容,PEP三上 U1 Making friends,give me a big smile,Give me a big smile.,en_female_hayley_uranus_bigtts,generated,assets/audio/words/give_me_a_big_smile.mp3
70,情绪表达,Laugh loud,Let's laugh together.,我们一起笑吧,PEP三上 U1 Making friends,let's laugh together,Let's laugh together.,en_female_hayley_uranus_bigtts,generated,assets/audio/words/let_s_laugh_together.mp3
71,家庭互动,Help mom,I can help Mom.,我可以帮妈妈,PEP三上 U2 Different families,i can help mom,I can help Mom.,en_female_hayley_uranus_bigtts,generated,assets/audio/words/i_can_help_mom.mp3
72,家庭互动,Hug dad,Give Dad a hug.,给爸爸一个拥抱,PEP三上 U2 Different families,give dad a hug,Give Dad a hug.,en_female_hayley_uranus_bigtts,generated,assets/audio/words/give_dad_a_hug.mp3
73,家庭互动,Kiss baby,Give the baby a kiss.,亲亲宝宝,PEP三上 U2 Different families,give the baby a kiss,Give the baby a kiss.,en_female_hayley_uranus_bigtts,generated,assets/audio/words/give_the_baby_a_kiss.mp3
74,家庭互动,Play with me,Play with me.,和我一起玩,PEP三上 U2 Different families,play with me,Play with me.,en_female_hayley_uranus_bigtts,generated,assets/audio/words/play_with_me.mp3
75,家庭互动,Read to me,Can you read to me?,你能读给我听吗,PEP三上 U2 Different families,can you read to me,Can you read to me?,en_female_hayley_uranus_bigtts,generated,assets/audio/words/can_you_read_to_me.mp3
76,家庭互动,Tell a story,Can you tell me a story?,你能给我讲个故事吗,PEP三上 U2 Different families,can you tell me a story,Can you tell me a story?,en_female_hayley_uranus_bigtts,generated,assets/audio/words/can_you_tell_me_a_story.mp3
77,家庭互动,Go to bed,Let's go to bed.,我们上床睡觉吧,PEP三上 U2 Different families,let's go to bed,Let's go to bed.,en_female_hayley_uranus_bigtts,generated,assets/audio/words/let_s_go_to_bed.mp3
78,家庭互动,Wake up,"Wake up, please.",请醒一醒,PEP三上 U2 Different families,"wake up, please","Wake up, please.",en_female_hayley_uranus_bigtts,generated,assets/audio/words/wake_up__please.mp3
79,家庭互动,Get dressed,"Get dressed, please.",请穿好衣服,PEP三上 U2 Different families,"get dressed, please","Get dressed, please.",en_female_hayley_uranus_bigtts,generated,assets/audio/words/get_dressed__please.mp3
80,家庭互动,Come here,"Come here, please.",请过来,PEP三上 U2 Different families,"come here, please","Come here, please.",en_female_hayley_uranus_bigtts,generated,assets/audio/words/come_here__please.mp3
81,玩具游戏,Play ball,Let's play ball.,我们玩球吧,PEP三上 U1 Making friends,let's play ball,Let's play ball.,en_female_hayley_uranus_bigtts,generated,assets/audio/words/let_s_play_ball.mp3
82,玩具游戏,Ride bike,Ride your bike.,骑你的自行车,PEP三上 U1 Making friends,ride your bike,Ride your bike.,en_female_hayley_uranus_bigtts,generated,assets/audio/words/ride_your_bike.mp3
83,玩具游戏,Fly kite,Fly the kite.,放风筝,PEP三上 U1 Making friends,fly the kite,Fly the kite.,en_female_hayley_uranus_bigtts,generated,assets/audio/words/fly_the_kite.mp3
84,玩具游戏,Build blocks,Build the blocks.,搭积木,PEP三上 U1 Making friends,build the blocks,Build the blocks.,en_female_hayley_uranus_bigtts,generated,assets/audio/words/build_the_blocks.mp3
85,玩具游戏,Hide and seek,Let's play hide-and-seek.,我们玩捉迷藏吧,PEP三上 U1 Making friends,let's play hide-and-seek,Let's play hide-and-seek.,en_female_hayley_uranus_bigtts,generated,assets/audio/words/let_s_play_hide_and_seek.mp3
86,玩具游戏,Tag you're it,"Tag, you're it!",抓到你了，轮到你,PEP三上 U1 Making friends,"tag, you're it","Tag, you're it!",en_female_hayley_uranus_bigtts,generated,assets/audio/words/tag__you_re_it.mp3
87,玩具游戏,My turn,It's my turn.,轮到我了,PEP三上 U1 Making friends,it's my turn,It's my turn.,en_female_hayley_uranus_bigtts,generated,assets/audio/words/it_s_my_turn.mp3
88,玩具游戏,Your turn,It's your turn.,轮到你了,PEP三上 U1 Making friends,it's your turn,It's your turn.,en_female_hayley_uranus_bigtts,generated,assets/audio/words/it_s_your_turn.mp3
89,玩具游戏,I win,I won!,我赢了,PEP三上 U1 Making friends,i won,I won!,en_female_hayley_uranus_bigtts,generated,assets/audio/words/i_won.mp3
90,玩具游戏,You lose,Good game!,玩得真好,PEP三上 U1 Making friends,good game,Good game!,en_female_hayley_uranus_bigtts,generated,assets/audio/words/good_game.mp3
91,颜色形状,Red and blue,I see red and blue.,我看见红色和蓝色,PEP三上 U5 The colourful world,i see red and blue,I see red and blue.,en_female_hayley_uranus_bigtts,generated,assets/audio/words/i_see_red_and_blue.mp3
92,颜色形状,Yellow sun,The sun is yellow.,太阳是黄色的,PEP三上 U5 The colourful world,the sun is yellow,The sun is yellow.,en_female_hayley_uranus_bigtts,generated,assets/audio/words/the_sun_is_yellow.mp3
93,颜色形状,Green grass,The grass is green.,草地是绿色的,PEP三上 U5 The colourful world,the grass is green,The grass is green.,en_female_hayley_uranus_bigtts,generated,assets/audio/words/the_grass_is_green.mp3
94,颜色形状,Black night,The night is dark.,夜晚是黑的,PEP三上 U5 The colourful world,the night is dark,The night is dark.,en_female_hayley_uranus_bigtts,generated,assets/audio/words/the_night_is_dark.mp3
95,颜色形状,White snow,The snow is white.,雪是白色的,PEP三上 U5 The colourful world,the snow is white,The snow is white.,en_female_hayley_uranus_bigtts,generated,assets/audio/words/the_snow_is_white.mp3
96,颜色形状,Round circle,It is a circle.,它是圆形,PEP三上 U5 The colourful world,it is a circle,It is a circle.,en_female_hayley_uranus_bigtts,generated,assets/audio/words/it_is_a_circle.mp3
97,颜色形状,Square box,It is a square.,它是正方形,PEP三上 U5 The colourful world,it is a square,It is a square.,en_female_hayley_uranus_bigtts,generated,assets/audio/words/it_is_a_square.mp3
98,颜色形状,Triangle roof,It is a triangle.,它是三角形,PEP三上 U5 The colourful world,it is a triangle,It is a triangle.,en_female_hayley_uranus_bigtts,generated,assets/audio/words/it_is_a_triangle.mp3
99,颜色形状,Star shape,It is a star.,它是星星形状,PEP三上 U5 The colourful world,it is a star,It is a star.,en_female_hayley_uranus_bigtts,generated,assets/audio/words/it_is_a_star.mp3
100,颜色形状,Mix colors,Let's mix the colors.,我们混合颜色吧,PEP三上 U5 The colourful world,let's mix the colors,Let's mix the colors.,en_female_hayley_uranus_bigtts,generated,assets/audio/words/let_s_mix_the_colors.mp3
101,数字时间,One to ten,Count from one to ten.,从一数到十,PEP三上 U6 Useful numbers,count from one to ten,Count from one to ten.,en_female_hayley_uranus_bigtts,generated,assets/audio/words/count_from_one_to_ten.mp3
102,数字时间,Count to twenty,Count to twenty.,数到二十,PEP三上 U6 Useful numbers,count to twenty,Count to twenty.,en_female_hayley_uranus_bigtts,generated,assets/audio/words/count_to_twenty.mp3
103,数字时间,Plus one,Add one more.,再加一个,PEP三上 U6 Useful numbers,add one more,Add one more.,en_female_hayley_uranus_bigtts,generated,assets/audio/words/add_one_more.mp3
104,数字时间,Minus one,Take one away.,拿走一个,PEP三上 U6 Useful numbers,take one away,Take one away.,en_female_hayley_uranus_bigtts,generated,assets/audio/words/take_one_away.mp3
105,数字时间,What time,What time is it?,现在几点了,PEP三上 U6 Useful numbers,what time is it,What time is it?,en_female_hayley_uranus_bigtts,generated,assets/audio/words/what_time_is_it.mp3
106,数字时间,Morning time,It's morning time.,现在是早晨时间,PEP三上 U6 Useful numbers,it's morning time,It's morning time.,en_female_hayley_uranus_bigtts,generated,assets/audio/words/it_s_morning_time.mp3
107,数字时间,Night time,It's night time.,现在是夜晚时间,PEP三上 U6 Useful numbers,it's night time,It's night time.,en_female_hayley_uranus_bigtts,generated,assets/audio/words/it_s_night_time.mp3
108,数字时间,One hour,It takes one hour.,这需要一小时,PEP三上 U6 Useful numbers,it takes one hour,It takes one hour.,en_female_hayley_uranus_bigtts,generated,assets/audio/words/it_takes_one_hour.mp3
109,数字时间,Today is,Today is Monday.,今天是星期一,PEP三上 U6 Useful numbers,today is monday,Today is Monday.,en_female_hayley_uranus_bigtts,generated,assets/audio/words/today_is_monday.mp3
110,数字时间,Tomorrow is,Tomorrow is Tuesday.,明天是星期二,PEP三上 U6 Useful numbers,tomorrow is tuesday,Tomorrow is Tuesday.,en_female_hayley_uranus_bigtts,generated,assets/audio/words/tomorrow_is_tuesday.mp3
111,天气季节,Sunny day,It's sunny today.,今天是晴天,PEP三上 U4 Plants around us,it's sunny today,It's sunny today.,en_female_hayley_uranus_bigtts,generated,assets/audio/words/it_s_sunny_today.mp3
112,天气季节,Rainy day,It's rainy today.,今天是雨天,PEP三上 U4 Plants around us,it's rainy today,It's rainy today.,en_female_hayley_uranus_bigtts,generated,assets/audio/words/it_s_rainy_today.mp3
113,天气季节,Windy day,It's windy today.,今天刮风,PEP三上 U4 Plants around us,it's windy today,It's windy today.,en_female_hayley_uranus_bigtts,generated,assets/audio/words/it_s_windy_today.mp3
114,天气季节,Cloudy day,It's cloudy today.,今天多云,PEP三上 U4 Plants around us,it's cloudy today,It's cloudy today.,en_female_hayley_uranus_bigtts,generated,assets/audio/words/it_s_cloudy_today.mp3
115,天气季节,Hot summer,Summer is hot.,夏天很热,PEP三上 U4 Plants around us,summer is hot,Summer is hot.,en_female_hayley_uranus_bigtts,generated,assets/audio/words/summer_is_hot.mp3
116,天气季节,Cold winter,Winter is cold.,冬天很冷,PEP三上 U4 Plants around us,winter is cold,Winter is cold.,en_female_hayley_uranus_bigtts,generated,assets/audio/words/winter_is_cold.mp3
117,天气季节,Warm spring,Spring is warm.,春天很暖和,PEP三上 U4 Plants around us,spring is warm,Spring is warm.,en_female_hayley_uranus_bigtts,generated,assets/audio/words/spring_is_warm.mp3
118,天气季节,Cool autumn,Autumn is cool.,秋天很凉爽,PEP三上 U4 Plants around us,autumn is cool,Autumn is cool.,en_female_hayley_uranus_bigtts,generated,assets/audio/words/autumn_is_cool.mp3
119,天气季节,It's raining,It's raining.,下雨了,PEP三上 U4 Plants around us,it's raining,It's raining.,en_female_hayley_uranus_bigtts,generated,assets/audio/words/it_s_raining.mp3
120,天气季节,Snow is falling,Snow is falling.,下雪了,PEP三上 U4 Plants around us,snow is falling,Snow is falling.,en_female_hayley_uranus_bigtts,generated,assets/audio/words/snow_is_falling.mp3
121,动物宠物,Feed dog,Feed the dog.,喂小狗,PEP三上 U3 Amazing animals,feed the dog,Feed the dog.,en_female_hayley_uranus_bigtts,generated,assets/audio/words/feed_the_dog.mp3
122,动物宠物,Walk dog,Walk the dog.,遛小狗,PEP三上 U3 Amazing animals,walk the dog,Walk the dog.,en_female_hayley_uranus_bigtts,generated,assets/audio/words/walk_the_dog.mp3
123,动物宠物,Pet cat,Pet the cat.,摸摸小猫,PEP三上 U3 Amazing animals,pet the cat,Pet the cat.,en_female_hayley_uranus_bigtts,generated,assets/audio/words/pet_the_cat.mp3
124,动物宠物,Watch fish,Watch the fish.,看小鱼,PEP三上 U3 Amazing animals,watch the fish,Watch the fish.,en_female_hayley_uranus_bigtts,generated,assets/audio/words/watch_the_fish.mp3
125,动物宠物,Chase bird,Don't chase the bird.,不要追小鸟,PEP三上 U3 Amazing animals,don't chase the bird,Don't chase the bird.,en_female_hayley_uranus_bigtts,generated,assets/audio/words/don_t_chase_the_bird.mp3
126,动物宠物,Catch butterfly,Let the butterfly fly.,让蝴蝶飞走,PEP三上 U3 Amazing animals,let the butterfly fly,Let the butterfly fly.,en_female_hayley_uranus_bigtts,generated,assets/audio/words/let_the_butterfly_fly.mp3
127,动物宠物,Ride horse,Ride the horse.,骑马,PEP三上 U3 Amazing animals,ride the horse,Ride the horse.,en_female_hayley_uranus_bigtts,generated,assets/audio/words/ride_the_horse.mp3
128,动物宠物,Milk cow,Milk the cow.,挤牛奶,PEP三上 U3 Amazing animals,milk the cow,Milk the cow.,en_female_hayley_uranus_bigtts,generated,assets/audio/words/milk_the_cow.mp3
129,动物宠物,Shear sheep,Brush the sheep.,给绵羊刷毛,PEP三上 U3 Amazing animals,brush the sheep,Brush the sheep.,en_female_hayley_uranus_bigtts,generated,assets/audio/words/brush_the_sheep.mp3
130,动物宠物,Collect eggs,Collect the eggs.,收鸡蛋,PEP三上 U3 Amazing animals,collect the eggs,Collect the eggs.,en_female_hayley_uranus_bigtts,generated,assets/audio/words/collect_the_eggs.mp3
131,动物园,See panda,I see a panda.,我看见一只熊猫,PEP三上 U3 Amazing animals,i see a panda,I see a panda.,en_female_hayley_uranus_bigtts,generated,assets/audio/words/i_see_a_panda.mp3
132,动物园,Watch monkey,Watch the monkey.,看这只猴子,PEP三上 U3 Amazing animals,watch the monkey,Watch the monkey.,en_female_hayley_uranus_bigtts,generated,assets/audio/words/watch_the_monkey.mp3
133,动物园,Feed giraffe,The giraffe eats leaves.,长颈鹿吃树叶,PEP三上 U3 Amazing animals,the giraffe eats leaves,The giraffe eats leaves.,en_female_hayley_uranus_bigtts,generated,assets/audio/words/the_giraffe_eats_leaves.mp3
134,动物园,Touch turtle,Look at the turtle.,看这只乌龟,PEP三上 U3 Amazing animals,look at the turtle,Look at the turtle.,en_female_hayley_uranus_bigtts,generated,assets/audio/words/look_at_the_turtle.mp3
135,动物园,Hear lion,Hear the lion roar.,听狮子吼叫,PEP三上 U3 Amazing animals,hear the lion roar,Hear the lion roar.,en_female_hayley_uranus_bigtts,generated,assets/audio/words/hear_the_lion_roar.mp3
136,动物园,See tiger,I see a tiger.,我看见一只老虎,PEP三上 U3 Amazing animals,i see a tiger,I see a tiger.,en_female_hayley_uranus_bigtts,generated,assets/audio/words/i_see_a_tiger.mp3
137,动物园,Big elephant,The elephant is big.,大象很大,PEP三上 U3 Amazing animals,the elephant is big,The elephant is big.,en_female_hayley_uranus_bigtts,generated,assets/audio/words/the_elephant_is_big.mp3
138,动物园,Small mouse,The mouse is small.,小老鼠很小,PEP三上 U3 Amazing animals,the mouse is small,The mouse is small.,en_female_hayley_uranus_bigtts,generated,assets/audio/words/the_mouse_is_small.mp3
139,动物园,Long snake,The snake is long.,蛇很长,PEP三上 U3 Amazing animals,the snake is long,The snake is long.,en_female_hayley_uranus_bigtts,generated,assets/audio/words/the_snake_is_long.mp3
140,动物园,Tall camel,The camel is tall.,骆驼很高,PEP三上 U3 Amazing animals,the camel is tall,The camel is tall.,en_female_hayley_uranus_bigtts,generated,assets/audio/words/the_camel_is_tall.mp3
141,出行交通,By bus,Let's take the bus.,我们坐公交车吧,PEP社区生活主题拓展,let's take the bus,Let's take the bus.,en_female_hayley_uranus_bigtts,generated,assets/audio/words/let_s_take_the_bus.mp3
142,出行交通,By car,Let's go by car.,我们坐小汽车去吧,PEP社区生活主题拓展,let's go by car,Let's go by car.,en_female_hayley_uranus_bigtts,generated,assets/audio/words/let_s_go_by_car.mp3
143,出行交通,By bike,Let's go by bike.,我们骑自行车去吧,PEP社区生活主题拓展,let's go by bike,Let's go by bike.,en_female_hayley_uranus_bigtts,generated,assets/audio/words/let_s_go_by_bike.mp3
144,出行交通,By train,Let's take the train.,我们坐火车吧,PEP社区生活主题拓展,let's take the train,Let's take the train.,en_female_hayley_uranus_bigtts,generated,assets/audio/words/let_s_take_the_train.mp3
145,出行交通,Get on,Get on the bus.,上公交车,PEP社区生活主题拓展,get on the bus,Get on the bus.,en_female_hayley_uranus_bigtts,generated,assets/audio/words/get_on_the_bus.mp3
146,出行交通,Get off,Get off the bus.,下公交车,PEP社区生活主题拓展,get off the bus,Get off the bus.,en_female_hayley_uranus_bigtts,generated,assets/audio/words/get_off_the_bus.mp3
147,出行交通,Fasten seatbelt,Fasten your seatbelt.,系好安全带,PEP社区生活主题拓展,fasten your seatbelt,Fasten your seatbelt.,en_female_hayley_uranus_bigtts,generated,assets/audio/words/fasten_your_seatbelt.mp3
148,出行交通,Traffic light,Stop at the light.,在灯前停下,PEP社区生活主题拓展,stop at the light,Stop at the light.,en_female_hayley_uranus_bigtts,generated,assets/audio/words/stop_at_the_light.mp3
149,出行交通,Go straight,Go straight.,直走,PEP社区生活主题拓展,go straight,Go straight.,en_female_hayley_uranus_bigtts,generated,assets/audio/words/go_straight.mp3
150,出行交通,Turn left,Turn left.,向左转,PEP社区生活主题拓展,turn left,Turn left.,en_female_hayley_uranus_bigtts,generated,assets/audio/words/turn_left.mp3
151,购物消费,How much,How much is it?,它多少钱,PEP三上 U6 Useful numbers,how much is it,How much is it?,en_female_hayley_uranus_bigtts,generated,assets/audio/words/how_much_is_it.mp3
152,购物消费,Too expensive,That's too expensive.,那太贵了,PEP三上 U6 Useful numbers,that's too expensive,That's too expensive.,en_female_hayley_uranus_bigtts,generated,assets/audio/words/that_s_too_expensive.mp3
153,购物消费,Can I pay,Can I pay now?,我现在可以付款吗,PEP三上 U6 Useful numbers,can i pay now,Can I pay now?,en_female_hayley_uranus_bigtts,generated,assets/audio/words/can_i_pay_now.mp3
154,购物消费,Buy this,I'll buy this.,我要买这个,PEP三上 U6 Useful numbers,i'll buy this,I'll buy this.,en_female_hayley_uranus_bigtts,generated,assets/audio/words/i_ll_buy_this.mp3
155,购物消费,Sell that,"I want this, please.",请给我这个,PEP三上 U6 Useful numbers,"i want this, please","I want this, please.",en_female_hayley_uranus_bigtts,generated,assets/audio/words/i_want_this__please.mp3
156,购物消费,Keep change,Here is your change.,这是找你的零钱,PEP三上 U6 Useful numbers,here is your change,Here is your change.,en_female_hayley_uranus_bigtts,generated,assets/audio/words/here_is_your_change.mp3
157,购物消费,Save money,Save your money.,把钱存起来,PEP三上 U6 Useful numbers,save your money,Save your money.,en_female_hayley_uranus_bigtts,generated,assets/audio/words/save_your_money.mp3
158,购物消费,Count money,Count the money.,数一数钱,PEP三上 U6 Useful numbers,count the money,Count the money.,en_female_hayley_uranus_bigtts,generated,assets/audio/words/count_the_money.mp3
159,购物消费,Cheap price,This is cheap.,这个便宜,PEP三上 U6 Useful numbers,this is cheap,This is cheap.,en_female_hayley_uranus_bigtts,generated,assets/audio/words/this_is_cheap.mp3
160,购物消费,High price,This one is expensive.,这个很贵,PEP三上 U6 Useful numbers,this one is expensive,This one is expensive.,en_female_hayley_uranus_bigtts,generated,assets/audio/words/this_one_is_expensive.mp3
161,学校学习,Read book,Read the book.,读这本书,PEP三上 U1 Making friends,read the book,Read the book.,en_female_hayley_uranus_bigtts,generated,assets/audio/words/read_the_book.mp3
162,学校学习,Write word,Write the word.,写这个单词,PEP三上 U1 Making friends,write the word,Write the word.,en_female_hayley_uranus_bigtts,generated,assets/audio/words/write_the_word.mp3
163,学校学习,Draw picture,Draw a picture.,画一幅画,PEP三上 U1 Making friends,draw a picture,Draw a picture.,en_female_hayley_uranus_bigtts,generated,assets/audio/words/draw_a_picture.mp3
164,学校学习,Do homework,Do your homework.,做你的作业,PEP三上 U1 Making friends,do your homework,Do your homework.,en_female_hayley_uranus_bigtts,generated,assets/audio/words/do_your_homework.mp3
165,学校学习,Ask question,Ask a question.,问一个问题,PEP三上 U1 Making friends,ask a question,Ask a question.,en_female_hayley_uranus_bigtts,generated,assets/audio/words/ask_a_question.mp3
166,学校学习,Answer question,Answer the question.,回答这个问题,PEP三上 U1 Making friends,answer the question,Answer the question.,en_female_hayley_uranus_bigtts,generated,assets/audio/words/answer_the_question.mp3
167,学校学习,Learn English,Let's learn English.,我们学英语吧,PEP三上 U1 Making friends,let's learn english,Let's learn English.,en_female_hayley_uranus_bigtts,generated,assets/audio/words/let_s_learn_english.mp3
168,学校学习,Speak English,"Speak English, please.",请说英语,PEP三上 U1 Making friends,"speak english, please","Speak English, please.",en_female_hayley_uranus_bigtts,generated,assets/audio/words/speak_english__please.mp3
169,学校学习,Study hard,Try your best.,尽力试试,PEP三上 U1 Making friends,try your best,Try your best.,en_female_hayley_uranus_bigtts,generated,assets/audio/words/try_your_best.mp3
170,学校学习,Try again,Try again.,再试一次,PEP三上 U1 Making friends,try again,Try again.,en_female_hayley_uranus_bigtts,generated,assets/audio/words/try_again.mp3
171,音乐艺术,Sing song,Sing a song.,唱一首歌,PEP跨学科活动主题拓展,sing a song,Sing a song.,en_female_hayley_uranus_bigtts,generated,assets/audio/words/sing_a_song.mp3
172,音乐艺术,Play piano,Play the piano.,弹钢琴,PEP跨学科活动主题拓展,play the piano,Play the piano.,en_female_hayley_uranus_bigtts,generated,assets/audio/words/play_the_piano.mp3
173,音乐艺术,Play drum,Play the drum.,打鼓,PEP跨学科活动主题拓展,play the drum,Play the drum.,en_female_hayley_uranus_bigtts,generated,assets/audio/words/play_the_drum.mp3
174,音乐艺术,Dance well,You dance well.,你跳得很好,PEP跨学科活动主题拓展,you dance well,You dance well.,en_female_hayley_uranus_bigtts,generated,assets/audio/words/you_dance_well.mp3
175,音乐艺术,Draw line,Draw a line.,画一条线,PEP跨学科活动主题拓展,draw a line,Draw a line.,en_female_hayley_uranus_bigtts,generated,assets/audio/words/draw_a_line.mp3
176,音乐艺术,Paint red,Paint it red.,把它涂成红色,PEP跨学科活动主题拓展,paint it red,Paint it red.,en_female_hayley_uranus_bigtts,generated,assets/audio/words/paint_it_red.mp3
177,音乐艺术,Make music,Let's make music.,我们做音乐吧,PEP跨学科活动主题拓展,let's make music,Let's make music.,en_female_hayley_uranus_bigtts,generated,assets/audio/words/let_s_make_music.mp3
178,音乐艺术,Clap rhythm,Clap the rhythm.,拍节奏,PEP跨学科活动主题拓展,clap the rhythm,Clap the rhythm.,en_female_hayley_uranus_bigtts,generated,assets/audio/words/clap_the_rhythm.mp3
179,音乐艺术,Loud sound,The sound is loud.,声音很大,PEP跨学科活动主题拓展,the sound is loud,The sound is loud.,en_female_hayley_uranus_bigtts,generated,assets/audio/words/the_sound_is_loud.mp3
180,音乐艺术,Soft sound,The sound is soft.,声音很轻,PEP跨学科活动主题拓展,the sound is soft,The sound is soft.,en_female_hayley_uranus_bigtts,generated,assets/audio/words/the_sound_is_soft.mp3
181,运动比赛,Kick ball,Kick the ball.,踢这个球,PEP同伴活动主题拓展,kick the ball,Kick the ball.,en_female_hayley_uranus_bigtts,generated,assets/audio/words/kick_the_ball.mp3
182,运动比赛,Throw ball,Throw the ball.,扔这个球,PEP同伴活动主题拓展,throw the ball,Throw the ball.,en_female_hayley_uranus_bigtts,generated,assets/audio/words/throw_the_ball.mp3
183,运动比赛,Catch ball,Catch the ball.,接住这个球,PEP同伴活动主题拓展,catch the ball,Catch the ball.,en_female_hayley_uranus_bigtts,generated,assets/audio/words/catch_the_ball.mp3
184,运动比赛,Bounce ball,Bounce the ball.,拍这个球,PEP同伴活动主题拓展,bounce the ball,Bounce the ball.,en_female_hayley_uranus_bigtts,generated,assets/audio/words/bounce_the_ball.mp3
185,运动比赛,Run race,Let's run a race.,我们赛跑吧,PEP同伴活动主题拓展,let's run a race,Let's run a race.,en_female_hayley_uranus_bigtts,generated,assets/audio/words/let_s_run_a_race.mp3
186,运动比赛,Swim fast,Swim fast!,游快点,PEP同伴活动主题拓展,swim fast,Swim fast!,en_female_hayley_uranus_bigtts,generated,assets/audio/words/swim_fast.mp3
187,运动比赛,Jump rope,Jump rope.,跳绳,PEP同伴活动主题拓展,jump rope,Jump rope.,en_female_hayley_uranus_bigtts,generated,assets/audio/words/jump_rope.mp3
188,运动比赛,Play soccer,Play soccer.,踢足球,PEP同伴活动主题拓展,play soccer,Play soccer.,en_female_hayley_uranus_bigtts,generated,assets/audio/words/play_soccer.mp3
189,运动比赛,Score goal,You scored a goal!,你进球了,PEP同伴活动主题拓展,you scored a goal,You scored a goal!,en_female_hayley_uranus_bigtts,generated,assets/audio/words/you_scored_a_goal.mp3
190,运动比赛,Win game,We won the game!,我们赢了比赛,PEP同伴活动主题拓展,we won the game,We won the game!,en_female_hayley_uranus_bigtts,generated,assets/audio/words/we_won_the_game.mp3
191,职业梦想,I want to be,I want to be a doctor.,我想当医生,PEP社会角色主题拓展,i want to be a doctor,I want to be a doctor.,en_female_hayley_uranus_bigtts,generated,assets/audio/words/i_want_to_be_a_doctor.mp3
192,职业梦想,Be a doctor,I want to be a teacher.,我想当老师,PEP社会角色主题拓展,i want to be a teacher,I want to be a teacher.,en_female_hayley_uranus_bigtts,generated,assets/audio/words/i_want_to_be_a_teacher.mp3
193,职业梦想,Be a teacher,I want to be a cook.,我想当厨师,PEP社会角色主题拓展,i want to be a cook,I want to be a cook.,en_female_hayley_uranus_bigtts,generated,assets/audio/words/i_want_to_be_a_cook.mp3
194,职业梦想,Be a cook,I want to be a driver.,我想当司机,PEP社会角色主题拓展,i want to be a driver,I want to be a driver.,en_female_hayley_uranus_bigtts,generated,assets/audio/words/i_want_to_be_a_driver.mp3
195,职业梦想,Be a driver,I want to be a singer.,我想当歌手,PEP社会角色主题拓展,i want to be a singer,I want to be a singer.,en_female_hayley_uranus_bigtts,generated,assets/audio/words/i_want_to_be_a_singer.mp3
196,职业梦想,Be a singer,I want to be a player.,我想当运动员,PEP社会角色主题拓展,i want to be a player,I want to be a player.,en_female_hayley_uranus_bigtts,generated,assets/audio/words/i_want_to_be_a_player.mp3
197,职业梦想,Be a player,I want to be a scientist.,我想当科学家,PEP社会角色主题拓展,i want to be a scientist,I want to be a scientist.,en_female_hayley_uranus_bigtts,generated,assets/audio/words/i_want_to_be_a_scientist.mp3
198,职业梦想,Be a scientist,I want to be an artist.,我想当艺术家,PEP社会角色主题拓展,i want to be an artist,I want to be an artist.,en_female_hayley_uranus_bigtts,generated,assets/audio/words/i_want_to_be_an_artist.mp3
199,职业梦想,Be an artist,I want to be a writer.,我想当作家,PEP社会角色主题拓展,i want to be a writer,I want to be a writer.,en_female_hayley_uranus_bigtts,generated,assets/audio/words/i_want_to_be_a_writer.mp3
200,职业梦想,Be a writer,What do you want to be?,你想当什么,PEP社会角色主题拓展,what do you want to be,What do you want to be?,en_female_hayley_uranus_bigtts,generated,assets/audio/words/what_do_you_want_to_be.mp3
