map_world,level_id,item_text,chinese_meaning,topic,item_type,spoken_focus,source_video_name,status,source_field,confidence,final_prompt_chars,source_file
desert,1,Hello,,,expression,,level-001-hello,video-ready,finalPrompt: target English expression,0.98,5261,/Users/yr/Library/Application Support/libtv-workbench/projects/baby-desert-levels-v1/tasks.json
desert,2,Hi,,,expression,,level-002-hi,video-ready,finalPrompt: target English expression,0.98,5190,/Users/yr/Library/Application Support/libtv-workbench/projects/baby-desert-levels-v1/tasks.json
desert,3,Good morning,,,expression,,level-003-good-morning,video-ready,finalPrompt: target English expression,0.98,7347,/Users/yr/Library/Application Support/libtv-workbench/projects/baby-desert-levels-v1/tasks.json
desert,4,Goodbye,,,expression,,level-004-goodbye,video-ready,finalPrompt: target English expression,0.98,7106,/Users/yr/Library/Application Support/libtv-workbench/projects/baby-desert-levels-v1/tasks.json
desert,5,Nice to meet you,,,expression,,level-005-nice-to-meet-you,video-ready,finalPrompt: target English expression,0.98,7561,/Users/yr/Library/Application Support/libtv-workbench/projects/baby-desert-levels-v1/tasks.json
desert,6,My name is...,,,expression label,My name is Tom.,level-006-my-name-is,video-ready,finalPrompt: Quiz answer label,0.96,8280,/Users/yr/Library/Application Support/libtv-workbench/projects/baby-desert-levels-v1/tasks.json
desert,7,What's your name?,,,expression label,What's your name?,level-007-what-s-your-name,video-ready,finalPrompt: Quiz answer label,0.96,8249,/Users/yr/Library/Application Support/libtv-workbench/projects/baby-desert-levels-v1/tasks.json
desert,8,I'm Chen Jie,,,expression label,I'm Chen Jie.,level-008-i-m-chen-jie,video-ready,finalPrompt: Quiz answer label,0.96,8261,/Users/yr/Library/Application Support/libtv-workbench/projects/baby-desert-levels-v1/tasks.json
desert,9,Let's play together,,,expression label,Let's play together!,level-009-let-s-play-together,video-ready,finalPrompt: Quiz answer label,0.96,8425,/Users/yr/Library/Application Support/libtv-workbench/projects/baby-desert-levels-v1/tasks.json
desert,10,Share with friends,,,expression label,"Here, you can have this.",level-010-share-with-friends,video-ready,finalPrompt: Quiz answer label,0.96,8467,/Users/yr/Library/Application Support/libtv-workbench/projects/baby-desert-levels-v1/tasks.json
desert,11,Are you OK?,,,expression label,Are you OK?,level-011-are-you-ok,video-ready,finalPrompt: Quiz answer label,0.96,8292,/Users/yr/Library/Application Support/libtv-workbench/projects/baby-desert-levels-v1/tasks.json
desert,12,I can help,,,expression label,I can help!,level-012-i-can-help,video-ready,finalPrompt: Quiz answer label,0.96,8403,/Users/yr/Library/Application Support/libtv-workbench/projects/baby-desert-levels-v1/tasks.json
desert,13,friend mind map,朋友思维导图,,expression label,Look! She is my friend.,level-013-friend-mind-map,video-ready,finalPrompt: Quiz answer label + Chinese learning goal,0.96,6827,/Users/yr/Library/Application Support/libtv-workbench/projects/baby-desert-levels-v1/tasks.json
desert,14,kind words,友好的话,,expression label,Here you go.,level-014-kind-words,ready,finalPrompt: Quiz answer label + Chinese learning goal,0.96,7175,/Users/yr/Library/Application Support/libtv-workbench/projects/baby-desert-levels-v1/tasks.json
desert,15,help a friend,,,expression label,Let me help you!,level-015-help-a-friend,needs-redraw,finalPrompt: Quiz answer label,0.96,8238,/Users/yr/Library/Application Support/libtv-workbench/projects/baby-desert-levels-v1/tasks.json
desert,16,say hello first,,,expression label,Hello! I'm Tom.,level-016-say-hello-first,needs-redraw,finalPrompt: Quiz answer label,0.96,8419,/Users/yr/Library/Application Support/libtv-workbench/projects/baby-desert-levels-v1/tasks.json
desert,17,be a good friend,,,expression label,You are my friend.,level-017-be-a-good-friend,needs-redraw,finalPrompt: Quiz answer label,0.96,8482,/Users/yr/Library/Application Support/libtv-workbench/projects/baby-desert-levels-v1/tasks.json
desert,18,This is my mum,,,expression label,This is my mum.,level-018-this-is-my-mum,video-ready,finalPrompt: Quiz answer label,0.96,8431,/Users/yr/Library/Application Support/libtv-workbench/projects/baby-desert-levels-v1/tasks.json
desert,19,This is my dad,,,expression label,This is my dad.,level-019-this-is-my-dad,needs-redraw,finalPrompt: Quiz answer label,0.96,8422,/Users/yr/Library/Application Support/libtv-workbench/projects/baby-desert-levels-v1/tasks.json
desert,20,This is my grandma,,,expression label,This is my grandma.,level-020-this-is-my-grandma,needs-redraw,finalPrompt: Quiz answer label,0.96,8525,/Users/yr/Library/Application Support/libtv-workbench/projects/baby-desert-levels-v1/tasks.json
desert,21,This is my grandpa,,,expression label,This is my grandpa.,level-021-this-is-my-grandpa,ready,finalPrompt: Quiz answer label,0.96,8436,/Users/yr/Library/Application Support/libtv-workbench/projects/baby-desert-levels-v1/tasks.json
desert,22,Who lives with you?,,,expression label,Who lives with you?,level-022-who-lives-with-you,ready,finalPrompt: Quiz answer label,0.96,8499,/Users/yr/Library/Application Support/libtv-workbench/projects/baby-desert-levels-v1/tasks.json
desert,23,My family is big,,,expression label,My family is big.,level-023-my-family-is-big,ready,finalPrompt: Quiz answer label,0.96,8449,/Users/yr/Library/Application Support/libtv-workbench/projects/baby-desert-levels-v1/tasks.json
desert,24,My family is small,,,expression label,My family is small.,level-024-my-family-is-small,ready,finalPrompt: Quiz answer label,0.96,8296,/Users/yr/Library/Application Support/libtv-workbench/projects/baby-desert-levels-v1/tasks.json
desert,25,I live with my parents,,,expression label,I live with my parents.,level-025-i-live-with-my-parents,ready,finalPrompt: Quiz answer label,0.96,8478,/Users/yr/Library/Application Support/libtv-workbench/projects/baby-desert-levels-v1/tasks.json
desert,26,I have a sister,,,expression label,I have a sister.,level-026-i-have-a-sister,ready,finalPrompt: Quiz answer label,0.96,8200,/Users/yr/Library/Application Support/libtv-workbench/projects/baby-desert-levels-v1/tasks.json
desert,27,I have a brother,,,expression label,I have a brother.,level-027-i-have-a-brother,ready,finalPrompt: Quiz answer label,0.96,8199,/Users/yr/Library/Application Support/libtv-workbench/projects/baby-desert-levels-v1/tasks.json
desert,28,This is my family,,,expression label,This is my family.,level-028-this-is-my-family,ready,finalPrompt: Quiz answer label,0.96,8260,/Users/yr/Library/Application Support/libtv-workbench/projects/baby-desert-levels-v1/tasks.json
desert,29,We love each other,,,expression label,We love each other.,level-029-we-love-each-other,ready,finalPrompt: Quiz answer label,0.96,8476,/Users/yr/Library/Application Support/libtv-workbench/projects/baby-desert-levels-v1/tasks.json
desert,30,family tree,,,expression label,This is my mum and dad.,level-030-family-tree,ready,finalPrompt: Quiz answer label,0.96,9020,/Users/yr/Library/Application Support/libtv-workbench/projects/baby-desert-levels-v1/tasks.json
desert,31,add a family photo,,,expression label,Let me add her.,level-031-add-a-family-photo,ready,finalPrompt: Quiz answer label,0.96,8988,/Users/yr/Library/Application Support/libtv-workbench/projects/baby-desert-levels-v1/tasks.json
desert,32,draw my family,,,expression label,I'm drawing my family.,level-032-draw-my-family,ready,finalPrompt: Quiz answer label,0.96,8399,/Users/yr/Library/Application Support/libtv-workbench/projects/baby-desert-levels-v1/tasks.json
desert,33,talk about family,,,expression label,This is my family.,level-033-talk-about-family,ready,finalPrompt: Quiz answer label,0.96,8256,/Users/yr/Library/Application Support/libtv-workbench/projects/baby-desert-levels-v1/tasks.json
desert,34,different families,,,expression label,My family is big!,level-034-different-families,ready,finalPrompt: Quiz answer label,0.96,8464,/Users/yr/Library/Application Support/libtv-workbench/projects/baby-desert-levels-v1/tasks.json
desert,35,a pet dog,,,expression label,Look! A pet dog!,level-035-a-pet-dog,ready,finalPrompt: Quiz answer label,0.96,8290,/Users/yr/Library/Application Support/libtv-workbench/projects/baby-desert-levels-v1/tasks.json
desert,36,a little cat,,,expression label,Look! A little cat!,level-036-a-little-cat,ready,finalPrompt: Quiz answer label,0.96,8303,/Users/yr/Library/Application Support/libtv-workbench/projects/baby-desert-levels-v1/tasks.json
desert,37,a fish,,,expression label,Look! A fish!,level-037-a-fish,ready,finalPrompt: Quiz answer label,0.96,8266,/Users/yr/Library/Application Support/libtv-workbench/projects/baby-desert-levels-v1/tasks.json
desert,38,a bird,,,expression label,Look! A bird!,level-038-a-bird,ready,finalPrompt: Quiz answer label,0.96,8282,/Users/yr/Library/Application Support/libtv-workbench/projects/baby-desert-levels-v1/tasks.json
desert,39,What pets do you know?,,,expression label,What pets do you know?,level-039-what-pets-do-you-know,ready,finalPrompt: Quiz answer label,0.96,8482,/Users/yr/Library/Application Support/libtv-workbench/projects/baby-desert-levels-v1/tasks.json
desert,40,I like dogs,,,expression label,I like dogs.,level-040-i-like-dogs,ready,finalPrompt: Quiz answer label,0.96,8138,/Users/yr/Library/Application Support/libtv-workbench/projects/baby-desert-levels-v1/tasks.json
desert,41,I have a cat,,,expression label,I have a cat.,level-041-i-have-a-cat,ready,finalPrompt: Quiz answer label,0.96,8187,/Users/yr/Library/Application Support/libtv-workbench/projects/baby-desert-levels-v1/tasks.json
desert,42,Is it a pet?,,,expression label,Is it a pet?,level-042-is-it-a-pet,ready,finalPrompt: Quiz answer label,0.96,8350,/Users/yr/Library/Application Support/libtv-workbench/projects/baby-desert-levels-v1/tasks.json
desert,43,a wild panda,,,expression label,Look! A wild panda!,level-043-a-wild-panda,ready,finalPrompt: Quiz answer label,0.96,8451,/Users/yr/Library/Application Support/libtv-workbench/projects/baby-desert-levels-v1/tasks.json
desert,44,a big tiger,,,expression label,Look! A big tiger!,level-044-a-big-tiger,ready,finalPrompt: Quiz answer label,0.96,8422,/Users/yr/Library/Application Support/libtv-workbench/projects/baby-desert-levels-v1/tasks.json
desert,45,an elephant,,,expression label,Look! An elephant!,level-045-an-elephant,ready,finalPrompt: Quiz answer label,0.96,8410,/Users/yr/Library/Application Support/libtv-workbench/projects/baby-desert-levels-v1/tasks.json
desert,46,a monkey,,,expression label,Look! A monkey!,level-046-a-monkey,ready,finalPrompt: Quiz answer label,0.96,8304,/Users/yr/Library/Application Support/libtv-workbench/projects/baby-desert-levels-v1/tasks.json
desert,47,What wild animals do you know?,,,expression label,What wild animals do you know?,level-047-what-wild-animals-do-you-know,ready,finalPrompt: Quiz answer label,0.96,8587,/Users/yr/Library/Application Support/libtv-workbench/projects/baby-desert-levels-v1/tasks.json
desert,48,animal picture book,,,expression label,We made a book about animals!,level-048-animal-picture-book,ready,finalPrompt: Quiz answer label,0.96,8982,/Users/yr/Library/Application Support/libtv-workbench/projects/baby-desert-levels-v1/tasks.json
desert,49,draw a pet,,,expression label,I'm drawing a cat!,level-049-draw-a-pet,ready,finalPrompt: Quiz answer label,0.96,8421,/Users/yr/Library/Application Support/libtv-workbench/projects/baby-desert-levels-v1/tasks.json
desert,50,draw a wild animal,,,expression label,Now I'm drawing a tiger!,level-050-draw-a-wild-animal,ready,finalPrompt: Quiz answer label,0.96,8452,/Users/yr/Library/Application Support/libtv-workbench/projects/baby-desert-levels-v1/tasks.json
desert,51,tell about my animal,介绍我的动物,,phrase/task label,This turtle page is ready.,level-051-tell-about-my-animal,ready,"finalPrompt: target meaning ""中文 / English""",1,8978,/Users/yr/Library/Application Support/libtv-workbench/projects/baby-desert-levels-v1/tasks.json
desert,52,a green plant,一株绿色植物,,phrase/task label,Here is a green plant.,level-052-a-green-plant,ready,"finalPrompt: target meaning ""中文 / English""",1,8893,/Users/yr/Library/Application Support/libtv-workbench/projects/baby-desert-levels-v1/tasks.json
desert,53,a big tree,一棵大树,,phrase/task label,I see a big tree.,level-053-a-big-tree,ready,"finalPrompt: target meaning ""中文 / English""",1,8930,/Users/yr/Library/Application Support/libtv-workbench/projects/baby-desert-levels-v1/tasks.json
desert,54,a small flower,一朵小花,,phrase/task label,"Look, a small flower.",level-054-a-small-flower,ready,"finalPrompt: target meaning ""中文 / English""",1,8921,/Users/yr/Library/Application Support/libtv-workbench/projects/baby-desert-levels-v1/tasks.json
desert,55,plant seeds,种下种子,,phrase/task label,I can plant seeds.,level-055-plant-seeds,ready,"finalPrompt: target meaning ""中文 / English""",1,8885,/Users/yr/Library/Application Support/libtv-workbench/projects/baby-desert-levels-v1/tasks.json
desert,56,water the plant,给植物浇水,,phrase/task label,Now we water the plant.,level-056-water-the-plant,ready,"finalPrompt: target meaning ""中文 / English""",1,8931,/Users/yr/Library/Application Support/libtv-workbench/projects/baby-desert-levels-v1/tasks.json
desert,57,help plants,帮助植物,,phrase/task label,Let's help plants.,level-057-help-plants,ready,"finalPrompt: target meaning ""中文 / English""",1,8888,/Users/yr/Library/Application Support/libtv-workbench/projects/baby-desert-levels-v1/tasks.json
desert,58,We get fruit,我们得到水果,,phrase/task label,We get fruit from plants.,level-058-we-get-fruit,ready,"finalPrompt: target meaning ""中文 / English""",1,8999,/Users/yr/Library/Application Support/libtv-workbench/projects/baby-desert-levels-v1/tasks.json
desert,59,We get vegetables,我们得到蔬菜,,phrase/task label,We get vegetables from plants.,level-059-we-get-vegetables,ready,"finalPrompt: target meaning ""中文 / English""",1,8929,/Users/yr/Library/Application Support/libtv-workbench/projects/baby-desert-levels-v1/tasks.json
desert,60,We get wood,我们得到木材,,phrase/task label,We get wood from plants.,level-060-we-get-wood,ready,"finalPrompt: target meaning ""中文 / English""",1,8962,/Users/yr/Library/Application Support/libtv-workbench/projects/baby-desert-levels-v1/tasks.json
desert,61,We get shade,我们得到树荫,,phrase/task label,We get shade from plants.,level-061-we-get-shade,ready,"finalPrompt: target meaning ""中文 / English""",1,8856,/Users/yr/Library/Application Support/libtv-workbench/projects/baby-desert-levels-v1/tasks.json
desert,62,What do we get from plants?,我们从植物得到什么？,,phrase/task label,What do we get from plants?,level-062-what-do-we-get-from-plants,ready,"finalPrompt: target meaning ""中文 / English""",1,8970,/Users/yr/Library/Application Support/libtv-workbench/projects/baby-desert-levels-v1/tasks.json
desert,63,How can we help plants?,我们怎样帮助植物？,,phrase/task label,How can we help plants?,level-063-how-can-we-help-plants,ready,"finalPrompt: target meaning ""中文 / English""",1,8953,/Users/yr/Library/Application Support/libtv-workbench/projects/baby-desert-levels-v1/tasks.json
desert,64,Don't pick flowers,不要摘花,,phrase/task label,"Don't pick flowers, please.",level-064-don-t-pick-flowers,ready,"finalPrompt: target meaning ""中文 / English""",1,8857,/Users/yr/Library/Application Support/libtv-workbench/projects/baby-desert-levels-v1/tasks.json
desert,65,paper garden,纸花园,,phrase/task label,The empty mat is ready.,level-065-paper-garden,ready,"finalPrompt: target meaning ""中文 / English""",1,8921,/Users/yr/Library/Application Support/libtv-workbench/projects/baby-desert-levels-v1/tasks.json
desert,66,make a paper garden,制作纸花园,,phrase/task label,Fold the paper stems.,level-066-make-a-paper-garden,ready,"finalPrompt: target meaning ""中文 / English""",1,8916,/Users/yr/Library/Application Support/libtv-workbench/projects/baby-desert-levels-v1/tasks.json
desert,67,draw leaves,画叶子,,phrase/task label,This stem needs leaves.,level-067-draw-leaves,ready,"finalPrompt: target meaning ""中文 / English""",1,8852,/Users/yr/Library/Application Support/libtv-workbench/projects/baby-desert-levels-v1/tasks.json
desert,68,care for a plant,照顾一株植物,,phrase/task label,The soil feels dry.,level-068-care-for-a-plant,ready,"finalPrompt: target meaning ""中文 / English""",1,8853,/Users/yr/Library/Application Support/libtv-workbench/projects/baby-desert-levels-v1/tasks.json
desert,69,red apple,红苹果,,phrase/task label,"Look, red apple.",level-069-red-apple,ready,"finalPrompt: target meaning ""中文 / English""",1,8811,/Users/yr/Library/Application Support/libtv-workbench/projects/baby-desert-levels-v1/tasks.json
desert,70,blue sky,蓝色天空,,phrase/task label,Here is blue sky.,level-070-blue-sky,ready,"finalPrompt: target meaning ""中文 / English""",1,8882,/Users/yr/Library/Application Support/libtv-workbench/projects/baby-desert-levels-v1/tasks.json
desert,71,green leaf,绿色叶子,,phrase/task label,I see green leaf.,level-071-green-leaf,ready,"finalPrompt: target meaning ""中文 / English""",1,8826,/Users/yr/Library/Application Support/libtv-workbench/projects/baby-desert-levels-v1/tasks.json
desert,72,yellow sun,黄色太阳,,phrase/task label,"Look, yellow sun.",level-072-yellow-sun,ready,"finalPrompt: target meaning ""中文 / English""",1,8830,/Users/yr/Library/Application Support/libtv-workbench/projects/baby-desert-levels-v1/tasks.json
desert,73,black and white,黑色和白色,,phrase/task label,Here is black and white.,level-073-black-and-white,ready,"finalPrompt: target meaning ""中文 / English""",1,8897,/Users/yr/Library/Application Support/libtv-workbench/projects/baby-desert-levels-v1/tasks.json
desert,74,What colours do you see?,你看见什么颜色？,,phrase/task label,What colours do you see?,level-074-what-colours-do-you-see,ready,"finalPrompt: target meaning ""中文 / English""",1,8927,/Users/yr/Library/Application Support/libtv-workbench/projects/baby-desert-levels-v1/tasks.json
desert,75,I see red,我看见红色,,phrase/task label,I see red on the apple.,level-075-i-see-red,ready,"finalPrompt: target meaning ""中文 / English""",1,8861,/Users/yr/Library/Application Support/libtv-workbench/projects/baby-desert-levels-v1/tasks.json
desert,76,It is blue,它是蓝色的,,phrase/task label,It is blue.,level-076-it-is-blue,ready,"finalPrompt: target meaning ""中文 / English""",1,8815,/Users/yr/Library/Application Support/libtv-workbench/projects/baby-desert-levels-v1/tasks.json
desert,77,Colours help us see,颜色帮助我们看清楚,,phrase/task label,"Look, Colours help us see.",level-077-colours-help-us-see,ready,"finalPrompt: target meaning ""中文 / English""",1,8983,/Users/yr/Library/Application Support/libtv-workbench/projects/baby-desert-levels-v1/tasks.json
desert,78,red means stop,红色表示停下,,phrase/task label,"Look, red means stop.",level-078-red-means-stop,ready,"finalPrompt: target meaning ""中文 / English""",1,9008,/Users/yr/Library/Application Support/libtv-workbench/projects/baby-desert-levels-v1/tasks.json
desert,79,colour signs,颜色标志,,phrase/task label,"Look, colour signs.",level-079-colour-signs,ready,"finalPrompt: target meaning ""中文 / English""",1,8933,/Users/yr/Library/Application Support/libtv-workbench/projects/baby-desert-levels-v1/tasks.json
desert,80,mix colours,混合颜色,,phrase/task label,Now we mix colours.,level-080-mix-colours,ready,"finalPrompt: target meaning ""中文 / English""",1,8949,/Users/yr/Library/Application Support/libtv-workbench/projects/baby-desert-levels-v1/tasks.json
desert,81,my favourite colour,我最喜欢的颜色,,phrase/task label,"Look, my favourite colour.",level-081-my-favourite-colour,ready,"finalPrompt: target meaning ""中文 / English""",1,8936,/Users/yr/Library/Application Support/libtv-workbench/projects/baby-desert-levels-v1/tasks.json
desert,82,colour flip book,颜色翻翻书,,phrase/task label,Open the first page.,level-082-colour-flip-book,ready,"finalPrompt: target meaning ""中文 / English""",1,8911,/Users/yr/Library/Application Support/libtv-workbench/projects/baby-desert-levels-v1/tasks.json
desert,83,make a colour card,制作颜色卡,,phrase/task label,This card is blank.,level-083-make-a-colour-card,ready,"finalPrompt: target meaning ""中文 / English""",1,8883,/Users/yr/Library/Application Support/libtv-workbench/projects/baby-desert-levels-v1/tasks.json
desert,84,sort by colour,按颜色分类,,phrase/task label,The pebbles are mixed.,level-084-sort-by-colour,ready,"finalPrompt: target meaning ""中文 / English""",1,8944,/Users/yr/Library/Application Support/libtv-workbench/projects/baby-desert-levels-v1/tasks.json
desert,85,find colours,寻找颜色,,phrase/task label,Look around the oasis.,level-085-find-colours,ready,"finalPrompt: target meaning ""中文 / English""",1,8867,/Users/yr/Library/Application Support/libtv-workbench/projects/baby-desert-levels-v1/tasks.json
desert,86,one book,一本书,,phrase/task label,I see one book.,level-086-one-book,ready,"finalPrompt: target meaning ""中文 / English""",1,8982,/Users/yr/Library/Application Support/libtv-workbench/projects/baby-desert-levels-v1/tasks.json
desert,87,two pencils,两支铅笔,,phrase/task label,"Look, two pencils.",level-087-two-pencils,ready,"finalPrompt: target meaning ""中文 / English""",1,8942,/Users/yr/Library/Application Support/libtv-workbench/projects/baby-desert-levels-v1/tasks.json
desert,88,three apples,三个苹果,,phrase/task label,Here is three apples.,level-088-three-apples,ready,"finalPrompt: target meaning ""中文 / English""",1,9030,/Users/yr/Library/Application Support/libtv-workbench/projects/baby-desert-levels-v1/tasks.json
desert,89,four chairs,四把椅子,,phrase/task label,I see four chairs.,level-089-four-chairs,ready,"finalPrompt: target meaning ""中文 / English""",1,8957,/Users/yr/Library/Application Support/libtv-workbench/projects/baby-desert-levels-v1/tasks.json
desert,90,five stars,五颗星星,,phrase/task label,"Look, five stars.",level-090-five-stars,ready,"finalPrompt: target meaning ""中文 / English""",1,9014,/Users/yr/Library/Application Support/libtv-workbench/projects/baby-desert-levels-v1/tasks.json
desert,91,How many?,有多少？,,phrase/task label,How many?,level-091-how-many,ready,"finalPrompt: target meaning ""中文 / English""",1,8960,/Users/yr/Library/Application Support/libtv-workbench/projects/baby-desert-levels-v1/tasks.json
desert,92,I am eight,我八岁,,phrase/task label,I am eight.,level-092-i-am-eight,ready,"finalPrompt: target meaning ""中文 / English""",1,9022,/Users/yr/Library/Application Support/libtv-workbench/projects/baby-desert-levels-v1/tasks.json
desert,93,my birthday,我的生日,,phrase/task label,"Look, my birthday.",level-093-my-birthday,ready,"finalPrompt: target meaning ""中文 / English""",1,9036,/Users/yr/Library/Application Support/libtv-workbench/projects/baby-desert-levels-v1/tasks.json
desert,94,What number is it?,它是几号？,,phrase/task label,What number is it?,level-094-what-number-is-it,ready,"finalPrompt: target meaning ""中文 / English""",1,8985,/Users/yr/Library/Application Support/libtv-workbench/projects/baby-desert-levels-v1/tasks.json
desert,95,count to ten,数到十,,phrase/task label,Now we count to ten.,level-095-count-to-ten,ready,"finalPrompt: target meaning ""中文 / English""",1,9080,/Users/yr/Library/Application Support/libtv-workbench/projects/baby-desert-levels-v1/tasks.json
desert,96,number in a line,队伍里的号码,,phrase/task label,"Look, number in a line.",level-096-number-in-a-line,ready,"finalPrompt: target meaning ""中文 / English""",1,9097,/Users/yr/Library/Application Support/libtv-workbench/projects/baby-desert-levels-v1/tasks.json
desert,97,birthday card,生日卡片,,phrase/task label,Open the blank card.,level-097-birthday-card,ready,"finalPrompt: target meaning ""中文 / English""",1,8999,/Users/yr/Library/Application Support/libtv-workbench/projects/baby-desert-levels-v1/tasks.json
desert,98,write age,写年龄,,phrase/task label,The card needs an age.,level-098-write-age,ready,"finalPrompt: target meaning ""中文 / English""",1,8964,/Users/yr/Library/Application Support/libtv-workbench/projects/baby-desert-levels-v1/tasks.json
desert,99,count candles,数蜡烛,,phrase/task label,The cake needs candles.,level-099-count-candles,ready,"finalPrompt: target meaning ""中文 / English""",1,8967,/Users/yr/Library/Application Support/libtv-workbench/projects/baby-desert-levels-v1/tasks.json
desert,100,make a birthday card,制作生日卡片,,phrase/task label,Fold the card first.,level-100-make-a-birthday-card,ready,"finalPrompt: target meaning ""中文 / English""",1,9083,/Users/yr/Library/Application Support/libtv-workbench/projects/baby-desert-levels-v1/tasks.json
desert,101,use numbers in class,在课堂中使用数字,,phrase/task label,Now we use numbers in class.,level-101-use-numbers-in-class,ready,"finalPrompt: target meaning ""中文 / English""",1,9109,/Users/yr/Library/Application Support/libtv-workbench/projects/baby-desert-levels-v1/tasks.json
desert,102,numbers are useful,数字很有用,,phrase/task label,This number helps us.,level-102-numbers-are-useful,ready,"finalPrompt: target meaning ""中文 / English""",1,9041,/Users/yr/Library/Application Support/libtv-workbench/projects/baby-desert-levels-v1/tasks.json
desert,103,"Hello, I'm new",你好，我是新来的,,phrase/task label,"Hello, I'm new.",level-103-hello-i-m-new,ready,"finalPrompt: target meaning ""中文 / English""",1,8854,/Users/yr/Library/Application Support/libtv-workbench/projects/baby-desert-levels-v1/tasks.json
desert,104,Nice to meet you,很高兴见到你,,phrase/task label,Nice to meet you.,level-104-nice-to-meet-you,ready,"finalPrompt: target meaning ""中文 / English""",1,8891,/Users/yr/Library/Application Support/libtv-workbench/projects/baby-desert-levels-v1/tasks.json
desert,105,This is my friend,这是我的朋友,,phrase/task label,This is my friend.,level-105-this-is-my-friend,ready,"finalPrompt: target meaning ""中文 / English""",1,8959,/Users/yr/Library/Application Support/libtv-workbench/projects/baby-desert-levels-v1/tasks.json
desert,106,Are you new here?,你是新来的吗？,,phrase/task label,Are you new here?,level-106-are-you-new-here,ready,"finalPrompt: target meaning ""中文 / English""",1,8895,/Users/yr/Library/Application Support/libtv-workbench/projects/baby-desert-levels-v1/tasks.json
desert,107,Welcome to our class,欢迎来到我们班,,phrase/task label,Welcome to our class.,level-107-welcome-to-our-class,ready,"finalPrompt: target meaning ""中文 / English""",1,8950,/Users/yr/Library/Application Support/libtv-workbench/projects/baby-desert-levels-v1/tasks.json
desert,108,Please come in,请进,,phrase/task label,Please come in.,level-108-please-come-in,ready,"finalPrompt: target meaning ""中文 / English""",1,8776,/Users/yr/Library/Application Support/libtv-workbench/projects/baby-desert-levels-v1/tasks.json
desert,109,Thank you,谢谢你,,phrase/task label,Thank you.,level-109-thank-you,ready,"finalPrompt: target meaning ""中文 / English""",1,8805,/Users/yr/Library/Application Support/libtv-workbench/projects/baby-desert-levels-v1/tasks.json
desert,110,You're welcome,不用谢,,phrase/task label,You're welcome.,level-110-you-re-welcome,ready,"finalPrompt: target meaning ""中文 / English""",1,8840,/Users/yr/Library/Application Support/libtv-workbench/projects/baby-desert-levels-v1/tasks.json
desert,111,Excuse me,打扰一下,,phrase/task label,"Excuse me, please.",level-111-excuse-me,ready,"finalPrompt: target meaning ""中文 / English""",1,8806,/Users/yr/Library/Application Support/libtv-workbench/projects/baby-desert-levels-v1/tasks.json
desert,112,Sorry,对不起,,phrase/task label,"Sorry, I bumped it.",level-112-sorry,ready,"finalPrompt: target meaning ""中文 / English""",1,8788,/Users/yr/Library/Application Support/libtv-workbench/projects/baby-desert-levels-v1/tasks.json
desert,113,May I join you?,我可以加入你们吗？,,phrase/task label,May I join you?,level-113-may-i-join-you,ready,"finalPrompt: target meaning ""中文 / English""",1,8887,/Users/yr/Library/Application Support/libtv-workbench/projects/baby-desert-levels-v1/tasks.json
desert,114,Be polite,要有礼貌,,phrase/task label,"Look, Be polite.",level-114-be-polite,ready,"finalPrompt: target meaning ""中文 / English""",1,8886,/Users/yr/Library/Application Support/libtv-workbench/projects/baby-desert-levels-v1/tasks.json
desert,115,greet new people,问候新朋友,,phrase/task label,A new child is here.,level-115-greet-new-people,ready,"finalPrompt: target meaning ""中文 / English""",1,8916,/Users/yr/Library/Application Support/libtv-workbench/projects/baby-desert-levels-v1/tasks.json
desert,116,role-play greeting,角色扮演问候,,phrase/task label,Stand by the gate.,level-116-role-play-greeting,ready,"finalPrompt: target meaning ""中文 / English""",1,8897,/Users/yr/Library/Application Support/libtv-workbench/projects/baby-desert-levels-v1/tasks.json
desert,117,polite word card,礼貌用语卡,,phrase/task label,This card shows a kind moment.,level-117-polite-word-card,ready,"finalPrompt: target meaning ""中文 / English""",1,8975,/Users/yr/Library/Application Support/libtv-workbench/projects/baby-desert-levels-v1/tasks.json
desert,118,introduce a friend,介绍一位朋友,,phrase/task label,Noah is beside me.,level-118-introduce-a-friend,ready,"finalPrompt: target meaning ""中文 / English""",1,8888,/Users/yr/Library/Application Support/libtv-workbench/projects/baby-desert-levels-v1/tasks.json
desert,119,say goodbye politely,有礼貌地告别,,phrase/task label,Noah is leaving now.,level-119-say-goodbye-politely,ready,"finalPrompt: target meaning ""中文 / English""",1,8903,/Users/yr/Library/Application Support/libtv-workbench/projects/baby-desert-levels-v1/tasks.json
desert,120,I'm happy,我很开心,,phrase/task label,I'm happy now.,level-120-i-m-happy,ready,"finalPrompt: target meaning ""中文 / English""",1,8861,/Users/yr/Library/Application Support/libtv-workbench/projects/baby-desert-levels-v1/tasks.json
desert,121,I'm sad,我很难过,,phrase/task label,I'm sad now.,level-121-i-m-sad,ready,"finalPrompt: target meaning ""中文 / English""",1,8838,/Users/yr/Library/Application Support/libtv-workbench/projects/baby-desert-levels-v1/tasks.json
desert,122,I'm excited,我很兴奋,,phrase/task label,I'm excited now.,level-122-i-m-excited,ready,"finalPrompt: target meaning ""中文 / English""",1,8865,/Users/yr/Library/Application Support/libtv-workbench/projects/baby-desert-levels-v1/tasks.json
desert,123,I'm tired,我累了,,phrase/task label,I'm tired now.,level-123-i-m-tired,ready,"finalPrompt: target meaning ""中文 / English""",1,8864,/Users/yr/Library/Application Support/libtv-workbench/projects/baby-desert-levels-v1/tasks.json
desert,124,It's big,它很大,,phrase/task label,It is big.,level-124-it-s-big,ready,"finalPrompt: target meaning ""中文 / English""",1,8832,/Users/yr/Library/Application Support/libtv-workbench/projects/baby-desert-levels-v1/tasks.json
desert,125,It's small,它很小,,phrase/task label,It is small.,level-125-it-s-small,ready,"finalPrompt: target meaning ""中文 / English""",1,8857,/Users/yr/Library/Application Support/libtv-workbench/projects/baby-desert-levels-v1/tasks.json
desert,126,It's long,它很长,,phrase/task label,It is long.,level-126-it-s-long,ready,"finalPrompt: target meaning ""中文 / English""",1,8786,/Users/yr/Library/Application Support/libtv-workbench/projects/baby-desert-levels-v1/tasks.json
desert,127,It's short,它很短,,phrase/task label,It is short.,level-127-it-s-short,ready,"finalPrompt: target meaning ""中文 / English""",1,8812,/Users/yr/Library/Application Support/libtv-workbench/projects/baby-desert-levels-v1/tasks.json
desert,128,How do you feel?,你感觉怎么样？,,phrase/task label,How do you feel?,level-128-how-do-you-feel,ready,"finalPrompt: target meaning ""中文 / English""",1,8867,/Users/yr/Library/Application Support/libtv-workbench/projects/baby-desert-levels-v1/tasks.json
desert,129,I feel happy,我感到开心,,phrase/task label,I feel happy now.,level-129-i-feel-happy,ready,"finalPrompt: target meaning ""中文 / English""",1,8930,/Users/yr/Library/Application Support/libtv-workbench/projects/baby-desert-levels-v1/tasks.json
desert,130,This is beautiful,这很漂亮,,phrase/task label,This is beautiful.,level-130-this-is-beautiful,ready,"finalPrompt: target meaning ""中文 / English""",1,8911,/Users/yr/Library/Application Support/libtv-workbench/projects/baby-desert-levels-v1/tasks.json
desert,131,I like it,我喜欢它,,phrase/task label,I like it.,level-131-i-like-it,ready,"finalPrompt: target meaning ""中文 / English""",1,8849,/Users/yr/Library/Application Support/libtv-workbench/projects/baby-desert-levels-v1/tasks.json
desert,132,Tell your feeling,说出你的感受,,phrase/task label,Choose one face.,level-132-tell-your-feeling,ready,"finalPrompt: target meaning ""中文 / English""",1,8907,/Users/yr/Library/Application Support/libtv-workbench/projects/baby-desert-levels-v1/tasks.json
desert,133,feeling face card,表情卡,,phrase/task label,This card has no face.,level-133-feeling-face-card,ready,"finalPrompt: target meaning ""中文 / English""",1,8973,/Users/yr/Library/Application Support/libtv-workbench/projects/baby-desert-levels-v1/tasks.json
desert,134,describe my toy,描述我的玩具,,phrase/task label,Hold the toy still.,level-134-describe-my-toy,ready,"finalPrompt: target meaning ""中文 / English""",1,8865,/Users/yr/Library/Application Support/libtv-workbench/projects/baby-desert-levels-v1/tasks.json
desert,135,show and say,展示并说明,,phrase/task label,Hold it up gently.,level-135-show-and-say,ready,"finalPrompt: target meaning ""中文 / English""",1,8855,/Users/yr/Library/Application Support/libtv-workbench/projects/baby-desert-levels-v1/tasks.json
desert,136,express yourself,表达自己,,phrase/task label,Pick a face first.,level-136-express-yourself,ready,"finalPrompt: target meaning ""中文 / English""",1,8899,/Users/yr/Library/Application Support/libtv-workbench/projects/baby-desert-levels-v1/tasks.json
desert,137,my pencil,我的铅笔,,phrase/task label,I see my pencil.,level-137-my-pencil,ready,"finalPrompt: target meaning ""中文 / English""",1,8818,/Users/yr/Library/Application Support/libtv-workbench/projects/baby-desert-levels-v1/tasks.json
desert,138,my ruler,我的尺子,,phrase/task label,"Look, my ruler.",level-138-my-ruler,ready,"finalPrompt: target meaning ""中文 / English""",1,8837,/Users/yr/Library/Application Support/libtv-workbench/projects/baby-desert-levels-v1/tasks.json
desert,139,my book,我的书,,phrase/task label,Here is my book.,level-139-my-book,ready,"finalPrompt: target meaning ""中文 / English""",1,8777,/Users/yr/Library/Application Support/libtv-workbench/projects/baby-desert-levels-v1/tasks.json
desert,140,my bag,我的书包,,phrase/task label,I see my bag.,level-140-my-bag,ready,"finalPrompt: target meaning ""中文 / English""",1,8817,/Users/yr/Library/Application Support/libtv-workbench/projects/baby-desert-levels-v1/tasks.json
desert,141,I can see,我能看见,,phrase/task label,I can see this.,level-141-i-can-see,ready,"finalPrompt: target meaning ""中文 / English""",1,8827,/Users/yr/Library/Application Support/libtv-workbench/projects/baby-desert-levels-v1/tasks.json
desert,142,I can hear,我能听见,,phrase/task label,I can hear this.,level-142-i-can-hear,ready,"finalPrompt: target meaning ""中文 / English""",1,8776,/Users/yr/Library/Application Support/libtv-workbench/projects/baby-desert-levels-v1/tasks.json
desert,143,I can touch,我能触摸,,phrase/task label,I can touch this.,level-143-i-can-touch,ready,"finalPrompt: target meaning ""中文 / English""",1,8782,/Users/yr/Library/Application Support/libtv-workbench/projects/baby-desert-levels-v1/tasks.json
desert,144,Listen carefully,认真听,,phrase/task label,Listen carefully to the bell.,level-144-listen-carefully,ready,"finalPrompt: target meaning ""中文 / English""",1,8918,/Users/yr/Library/Application Support/libtv-workbench/projects/baby-desert-levels-v1/tasks.json
desert,145,Look closely,仔细看,,phrase/task label,Look closely at the leaf.,level-145-look-closely,ready,"finalPrompt: target meaning ""中文 / English""",1,8848,/Users/yr/Library/Application Support/libtv-workbench/projects/baby-desert-levels-v1/tasks.json
desert,146,Use your eyes,用你的眼睛,,phrase/task label,Use your eyes to find it.,level-146-use-your-eyes,ready,"finalPrompt: target meaning ""中文 / English""",1,8862,/Users/yr/Library/Application Support/libtv-workbench/projects/baby-desert-levels-v1/tasks.json
desert,147,Use your ears,用你的耳朵,,phrase/task label,Use your ears for the bell.,level-147-use-your-ears,ready,"finalPrompt: target meaning ""中文 / English""",1,8823,/Users/yr/Library/Application Support/libtv-workbench/projects/baby-desert-levels-v1/tasks.json
desert,148,What helps you learn?,什么帮助你学习？,,phrase/task label,What helps you learn?,level-148-what-helps-you-learn,ready,"finalPrompt: target meaning ""中文 / English""",1,8918,/Users/yr/Library/Application Support/libtv-workbench/projects/baby-desert-levels-v1/tasks.json
desert,149,learning tools,学习工具,,phrase/task label,Put the tools here.,level-149-learning-tools,ready,"finalPrompt: target meaning ""中文 / English""",1,8910,/Users/yr/Library/Application Support/libtv-workbench/projects/baby-desert-levels-v1/tasks.json
desert,150,make a tool list,制作工具清单,,phrase/task label,Start with the pencil.,level-150-make-a-tool-list,ready,"finalPrompt: target meaning ""中文 / English""",1,8916,/Users/yr/Library/Application Support/libtv-workbench/projects/baby-desert-levels-v1/tasks.json
desert,151,sense chart,感官表格,,phrase/task label,Match eye to seeing.,level-151-sense-chart,ready,"finalPrompt: target meaning ""中文 / English""",1,8858,/Users/yr/Library/Application Support/libtv-workbench/projects/baby-desert-levels-v1/tasks.json
desert,152,ask and answer,问答练习,,phrase/task label,Ask me one question.,level-152-ask-and-answer,ready,"finalPrompt: target meaning ""中文 / English""",1,8881,/Users/yr/Library/Application Support/libtv-workbench/projects/baby-desert-levels-v1/tasks.json
desert,153,healthy food,健康食物,,phrase/task label,"Look, healthy food.",level-153-healthy-food,ready,"finalPrompt: target meaning ""中文 / English""",1,8921,/Users/yr/Library/Application Support/libtv-workbench/projects/baby-desert-levels-v1/tasks.json
desert,154,fresh fruit,新鲜水果,,phrase/task label,Here is fresh fruit.,level-154-fresh-fruit,ready,"finalPrompt: target meaning ""中文 / English""",1,8900,/Users/yr/Library/Application Support/libtv-workbench/projects/baby-desert-levels-v1/tasks.json
desert,155,green vegetables,绿色蔬菜,,phrase/task label,I see green vegetables.,level-155-green-vegetables,ready,"finalPrompt: target meaning ""中文 / English""",1,8890,/Users/yr/Library/Application Support/libtv-workbench/projects/baby-desert-levels-v1/tasks.json
desert,156,drink water,喝水,,phrase/task label,Let's drink water.,level-156-drink-water,ready,"finalPrompt: target meaning ""中文 / English""",1,8886,/Users/yr/Library/Application Support/libtv-workbench/projects/baby-desert-levels-v1/tasks.json
desert,157,eat breakfast,吃早餐,,phrase/task label,I can eat breakfast.,level-157-eat-breakfast,ready,"finalPrompt: target meaning ""中文 / English""",1,8869,/Users/yr/Library/Application Support/libtv-workbench/projects/baby-desert-levels-v1/tasks.json
desert,158,What do we eat?,我们吃什么？,,phrase/task label,What do we eat?,level-158-what-do-we-eat,ready,"finalPrompt: target meaning ""中文 / English""",1,8844,/Users/yr/Library/Application Support/libtv-workbench/projects/baby-desert-levels-v1/tasks.json
desert,159,What shall we eat?,我们该吃什么？,,phrase/task label,What shall we eat?,level-159-what-shall-we-eat,ready,"finalPrompt: target meaning ""中文 / English""",1,8870,/Users/yr/Library/Application Support/libtv-workbench/projects/baby-desert-levels-v1/tasks.json
desert,160,I like rice,我喜欢米饭,,phrase/task label,I like rice.,level-160-i-like-rice,ready,"finalPrompt: target meaning ""中文 / English""",1,8847,/Users/yr/Library/Application Support/libtv-workbench/projects/baby-desert-levels-v1/tasks.json
desert,161,I don't like candy,我不喜欢糖果,,phrase/task label,I don't like candy.,level-161-i-don-t-like-candy,ready,"finalPrompt: target meaning ""中文 / English""",1,8967,/Users/yr/Library/Application Support/libtv-workbench/projects/baby-desert-levels-v1/tasks.json
desert,162,Let's eat fruit,我们吃水果吧,,phrase/task label,Let's eat fruit.,level-162-let-s-eat-fruit,ready,"finalPrompt: target meaning ""中文 / English""",1,8928,/Users/yr/Library/Application Support/libtv-workbench/projects/baby-desert-levels-v1/tasks.json
desert,163,choose healthy food,选择健康食物,,phrase/task label,I can choose healthy food.,level-163-choose-healthy-food,ready,"finalPrompt: target meaning ""中文 / English""",1,8956,/Users/yr/Library/Application Support/libtv-workbench/projects/baby-desert-levels-v1/tasks.json
desert,164,food plate,餐盘,,phrase/task label,This plate is empty.,level-164-food-plate,ready,"finalPrompt: target meaning ""中文 / English""",1,8883,/Users/yr/Library/Application Support/libtv-workbench/projects/baby-desert-levels-v1/tasks.json
desert,165,make a lunch menu,制作午餐菜单,,phrase/task label,Pick lunch pictures.,level-165-make-a-lunch-menu,ready,"finalPrompt: target meaning ""中文 / English""",1,8880,/Users/yr/Library/Application Support/libtv-workbench/projects/baby-desert-levels-v1/tasks.json
desert,166,sort food,给食物分类,,phrase/task label,The foods are mixed.,level-166-sort-food,ready,"finalPrompt: target meaning ""中文 / English""",1,8861,/Users/yr/Library/Application Support/libtv-workbench/projects/baby-desert-levels-v1/tasks.json
desert,167,talk about lunch,谈论午餐,,phrase/task label,Show your lunch plate.,level-167-talk-about-lunch,ready,"finalPrompt: target meaning ""中文 / English""",1,8899,/Users/yr/Library/Application Support/libtv-workbench/projects/baby-desert-levels-v1/tasks.json
desert,168,share healthy choices,分享健康选择,,phrase/task label,Choose one good thing.,level-168-share-healthy-choices,ready,"finalPrompt: target meaning ""中文 / English""",1,8928,/Users/yr/Library/Application Support/libtv-workbench/projects/baby-desert-levels-v1/tasks.json
desert,169,old toy,旧玩具,,phrase/task label,Here is old toy.,level-169-old-toy,ready,"finalPrompt: target meaning ""中文 / English""",1,8782,/Users/yr/Library/Application Support/libtv-workbench/projects/baby-desert-levels-v1/tasks.json
desert,170,old book,旧书,,phrase/task label,I see old book.,level-170-old-book,ready,"finalPrompt: target meaning ""中文 / English""",1,8831,/Users/yr/Library/Application Support/libtv-workbench/projects/baby-desert-levels-v1/tasks.json
desert,171,old box,旧盒子,,phrase/task label,"Look, old box.",level-171-old-box,ready,"finalPrompt: target meaning ""中文 / English""",1,8751,/Users/yr/Library/Application Support/libtv-workbench/projects/baby-desert-levels-v1/tasks.json
desert,172,old clothes,旧衣服,,phrase/task label,Here is old clothes.,level-172-old-clothes,ready,"finalPrompt: target meaning ""中文 / English""",1,8843,/Users/yr/Library/Application Support/libtv-workbench/projects/baby-desert-levels-v1/tasks.json
desert,173,This is my old toy,这是我的旧玩具,,phrase/task label,This is my old toy.,level-173-this-is-my-old-toy,ready,"finalPrompt: target meaning ""中文 / English""",1,8905,/Users/yr/Library/Application Support/libtv-workbench/projects/baby-desert-levels-v1/tasks.json
desert,174,It can be reused,它可以被再利用,,phrase/task label,It can be reused.,level-174-it-can-be-reused,ready,"finalPrompt: target meaning ""中文 / English""",1,8899,/Users/yr/Library/Application Support/libtv-workbench/projects/baby-desert-levels-v1/tasks.json
desert,175,make a new toy,做一个新玩具,,phrase/task label,I can make a new toy.,level-175-make-a-new-toy,ready,"finalPrompt: target meaning ""中文 / English""",1,8879,/Users/yr/Library/Application Support/libtv-workbench/projects/baby-desert-levels-v1/tasks.json
desert,176,use an old box,使用旧盒子,,phrase/task label,Now we use an old box.,level-176-use-an-old-box,ready,"finalPrompt: target meaning ""中文 / English""",1,8937,/Users/yr/Library/Application Support/libtv-workbench/projects/baby-desert-levels-v1/tasks.json
desert,177,share old things,分享旧物,,phrase/task label,Let's share old things.,level-177-share-old-things,ready,"finalPrompt: target meaning ""中文 / English""",1,8864,/Users/yr/Library/Application Support/libtv-workbench/projects/baby-desert-levels-v1/tasks.json
desert,178,keep memories,保留回忆,,phrase/task label,I can keep memories.,level-178-keep-memories,ready,"finalPrompt: target meaning ""中文 / English""",1,8929,/Users/yr/Library/Application Support/libtv-workbench/projects/baby-desert-levels-v1/tasks.json
desert,179,What old things do you have?,你有哪些旧物？,,phrase/task label,What old things do you have?,level-179-what-old-things-do-you-have,ready,"finalPrompt: target meaning ""中文 / English""",1,8896,/Users/yr/Library/Application Support/libtv-workbench/projects/baby-desert-levels-v1/tasks.json
desert,180,How can we reuse it?,我们怎样再利用它？,,phrase/task label,How can we reuse it?,level-180-how-can-we-reuse-it,ready,"finalPrompt: target meaning ""中文 / English""",1,8922,/Users/yr/Library/Application Support/libtv-workbench/projects/baby-desert-levels-v1/tasks.json
desert,181,old things show,旧物展示,,phrase/task label,Place the old toy here.,level-181-old-things-show,ready,"finalPrompt: target meaning ""中文 / English""",1,8853,/Users/yr/Library/Application Support/libtv-workbench/projects/baby-desert-levels-v1/tasks.json
desert,182,reuse poster,再利用海报,,phrase/task label,Show the old box first.,level-182-reuse-poster,ready,"finalPrompt: target meaning ""中文 / English""",1,8872,/Users/yr/Library/Application Support/libtv-workbench/projects/baby-desert-levels-v1/tasks.json
desert,183,toy story card,玩具故事卡,,phrase/task label,Put the toy picture first.,level-183-toy-story-card,ready,"finalPrompt: target meaning ""中文 / English""",1,8857,/Users/yr/Library/Application Support/libtv-workbench/projects/baby-desert-levels-v1/tasks.json
desert,184,make and tell,制作并讲述,,phrase/task label,Start with the old box.,level-184-make-and-tell,ready,"finalPrompt: target meaning ""中文 / English""",1,8871,/Users/yr/Library/Application Support/libtv-workbench/projects/baby-desert-levels-v1/tasks.json
desert,185,count and sort,计数并分类,,phrase/task label,Now we count and sort.,level-185-count-and-sort,ready,"finalPrompt: target meaning ""中文 / English""",1,9067,/Users/yr/Library/Application Support/libtv-workbench/projects/baby-desert-levels-v1/tasks.json
desert,186,how many books,有多少本书,,phrase/task label,how many books,level-186-how-many-books,ready,"finalPrompt: target meaning ""中文 / English""",1,9025,/Users/yr/Library/Application Support/libtv-workbench/projects/baby-desert-levels-v1/tasks.json
desert,187,sort by number,按数字分类,,phrase/task label,I can sort by number.,level-187-sort-by-number,ready,"finalPrompt: target meaning ""中文 / English""",1,9127,/Users/yr/Library/Application Support/libtv-workbench/projects/baby-desert-levels-v1/tasks.json
desert,188,more or less,更多或更少,,phrase/task label,I see more or less.,level-188-more-or-less,ready,"finalPrompt: target meaning ""中文 / English""",1,9103,/Users/yr/Library/Application Support/libtv-workbench/projects/baby-desert-levels-v1/tasks.json
desert,189,first place,第一名,,phrase/task label,"Look, first place.",level-189-first-place,ready,"finalPrompt: target meaning ""中文 / English""",1,9044,/Users/yr/Library/Application Support/libtv-workbench/projects/baby-desert-levels-v1/tasks.json
desert,190,second place,第二名,,phrase/task label,Here is second place.,level-190-second-place,ready,"finalPrompt: target meaning ""中文 / English""",1,9073,/Users/yr/Library/Application Support/libtv-workbench/projects/baby-desert-levels-v1/tasks.json
desert,191,choose the bigger number,选择更大的数字,,phrase/task label,Now we choose the bigger number.,level-191-choose-the-bigger-number,ready,"finalPrompt: target meaning ""中文 / English""",1,9143,/Users/yr/Library/Application Support/libtv-workbench/projects/baby-desert-levels-v1/tasks.json
desert,192,read a room number,读房间号,,phrase/task label,Let's read a room number.,level-192-read-a-room-number,ready,"finalPrompt: target meaning ""中文 / English""",1,9202,/Users/yr/Library/Application Support/libtv-workbench/projects/baby-desert-levels-v1/tasks.json
desert,193,date on a card,卡片上的日期,,phrase/task label,I can date on a card.,level-193-date-on-a-card,ready,"finalPrompt: target meaning ""中文 / English""",1,9147,/Users/yr/Library/Application Support/libtv-workbench/projects/baby-desert-levels-v1/tasks.json
desert,194,make a decision,做决定,,phrase/task label,Now we make a decision.,level-194-make-a-decision,ready,"finalPrompt: target meaning ""中文 / English""",1,9137,/Users/yr/Library/Application Support/libtv-workbench/projects/baby-desert-levels-v1/tasks.json
desert,195,Which number is bigger?,哪个数字更大？,,phrase/task label,Which number is bigger?,level-195-which-number-is-bigger,ready,"finalPrompt: target meaning ""中文 / English""",1,9042,/Users/yr/Library/Application Support/libtv-workbench/projects/baby-desert-levels-v1/tasks.json
desert,196,How many groups?,有多少组？,,phrase/task label,How many groups?,level-196-how-many-groups,ready,"finalPrompt: target meaning ""中文 / English""",1,9044,/Users/yr/Library/Application Support/libtv-workbench/projects/baby-desert-levels-v1/tasks.json
desert,197,number survey,数字调查,,phrase/task label,Ask with fruit pictures.,level-197-number-survey,ready,"finalPrompt: target meaning ""中文 / English""",1,9075,/Users/yr/Library/Application Support/libtv-workbench/projects/baby-desert-levels-v1/tasks.json
desert,198,class tally chart,班级统计表,,phrase/task label,Each mark shows one choice.,level-198-class-tally-chart,ready,"finalPrompt: target meaning ""中文 / English""",1,9056,/Users/yr/Library/Application Support/libtv-workbench/projects/baby-desert-levels-v1/tasks.json
desert,199,sort and count project,分类计数项目,,phrase/task label,Sort the shells first.,level-199-sort-and-count-project,ready,"finalPrompt: target meaning ""中文 / English""",1,9089,/Users/yr/Library/Application Support/libtv-workbench/projects/baby-desert-levels-v1/tasks.json
desert,200,numbers in life,生活中的数字,,phrase/task label,Numbers help here.,level-200-numbers-in-life,ready,"finalPrompt: target meaning ""中文 / English""",1,9114,/Users/yr/Library/Application Support/libtv-workbench/projects/baby-desert-levels-v1/tasks.json
island,1,Mom,妈妈,Free Starter · 免费体验,word,,level-001-mom,video-ready,finalPrompt: target English word + Chinese meaning,1,2280,/Users/yr/Library/Application Support/libtv-workbench/projects/baby-island-levels-v1/tasks.json
island,2,Dad,爸爸,Free Starter · 免费体验,word,,level-002-dad,video-ready,finalPrompt: target English word + Chinese meaning,1,2231,/Users/yr/Library/Application Support/libtv-workbench/projects/baby-island-levels-v1/tasks.json
island,3,Grandma,奶奶,Free Starter · 免费体验,word,,level-003-grandma,video-ready,finalPrompt: target English word + Chinese meaning,1,2244,/Users/yr/Library/Application Support/libtv-workbench/projects/baby-island-levels-v1/tasks.json
island,4,Grandpa,爷爷,Free Starter · 免费体验,word,,level-004-grandpa,video-ready,finalPrompt: target English word + Chinese meaning,1,2224,/Users/yr/Library/Application Support/libtv-workbench/projects/baby-island-levels-v1/tasks.json
island,5,Hand,手,Free Starter · 免费体验,word,,level-005-hand,video-ready,finalPrompt: target English word + Chinese meaning,1,2175,/Users/yr/Library/Application Support/libtv-workbench/projects/baby-island-levels-v1/tasks.json
island,6,Rice,饭,Free Starter · 免费体验,word,,level-006-rice,video-ready,finalPrompt: target English word + Chinese meaning,1,2152,/Users/yr/Library/Application Support/libtv-workbench/projects/baby-island-levels-v1/tasks.json
island,7,Water,水,Free Starter · 免费体验,word,,level-007-water,video-ready,finalPrompt: target English word + Chinese meaning,1,2175,/Users/yr/Library/Application Support/libtv-workbench/projects/baby-island-levels-v1/tasks.json
island,8,Car,车,Free Starter · 免费体验,word,,level-008-car,video-ready,finalPrompt: target English word + Chinese meaning,1,2140,/Users/yr/Library/Application Support/libtv-workbench/projects/baby-island-levels-v1/tasks.json
island,9,Dog,狗,Free Starter · 免费体验,word,,level-009-dog,video-ready,finalPrompt: target English word + Chinese meaning,1,2179,/Users/yr/Library/Application Support/libtv-workbench/projects/baby-island-levels-v1/tasks.json
island,10,Book,书,Free Starter · 免费体验,word,,level-010-book,video-ready,finalPrompt: target English word + Chinese meaning,1,2192,/Users/yr/Library/Application Support/libtv-workbench/projects/baby-island-levels-v1/tasks.json
island,11,Apple,苹果,水果先遣队,word,,level-011-apple,video-ready,finalPrompt: target English word + Chinese meaning,1,2128,/Users/yr/Library/Application Support/libtv-workbench/projects/baby-island-levels-v1/tasks.json
island,12,Banana,香蕉,水果先遣队,word,,level-012-banana,video-ready,finalPrompt: target English word + Chinese meaning,1,2129,/Users/yr/Library/Application Support/libtv-workbench/projects/baby-island-levels-v1/tasks.json
island,13,Orange,橙子,水果先遣队,word,,level-013-orange,video-ready,finalPrompt: target English word + Chinese meaning,1,2192,/Users/yr/Library/Application Support/libtv-workbench/projects/baby-island-levels-v1/tasks.json
island,14,Watermelon,西瓜,水果先遣队,word,,level-014-watermelon,video-ready,finalPrompt: target English word + Chinese meaning,1,2196,/Users/yr/Library/Application Support/libtv-workbench/projects/baby-island-levels-v1/tasks.json
island,15,Strawberry,草莓,水果先遣队,word,,level-015-strawberry,video-ready,finalPrompt: target English word + Chinese meaning,1,2164,/Users/yr/Library/Application Support/libtv-workbench/projects/baby-island-levels-v1/tasks.json
island,16,Grape,葡萄,水果先遣队,word,,level-016-grape,video-ready,finalPrompt: target English word + Chinese meaning,1,2154,/Users/yr/Library/Application Support/libtv-workbench/projects/baby-island-levels-v1/tasks.json
island,17,Pear,梨,水果先遣队,word,,level-017-pear,video-ready,finalPrompt: target English word + Chinese meaning,1,2086,/Users/yr/Library/Application Support/libtv-workbench/projects/baby-island-levels-v1/tasks.json
island,18,Peach,桃子,水果先遣队,word,,level-018-peach,video-ready,finalPrompt: target English word + Chinese meaning,1,2110,/Users/yr/Library/Application Support/libtv-workbench/projects/baby-island-levels-v1/tasks.json
island,19,Mango,芒果,水果先遣队,word,,level-019-mango,video-ready,finalPrompt: target English word + Chinese meaning,1,2141,/Users/yr/Library/Application Support/libtv-workbench/projects/baby-island-levels-v1/tasks.json
island,20,Cherry,樱桃,水果先遣队,word,,level-020-cherry,video-ready,finalPrompt: target English word + Chinese meaning,1,2118,/Users/yr/Library/Application Support/libtv-workbench/projects/baby-island-levels-v1/tasks.json
island,21,Lollipop,棒棒糖,零食甜点,word,,level-021-lollipop,video-ready,finalPrompt: target English word + Chinese meaning,1,2168,/Users/yr/Library/Application Support/libtv-workbench/projects/baby-island-levels-v1/tasks.json
island,22,Jelly,果冻,零食甜点,word,,level-022-jelly,video-ready,finalPrompt: target English word + Chinese meaning,1,2134,/Users/yr/Library/Application Support/libtv-workbench/projects/baby-island-levels-v1/tasks.json
island,23,Candy,糖果,零食甜点,word,,level-023-candy,video-ready,finalPrompt: target English word + Chinese meaning,1,2109,/Users/yr/Library/Application Support/libtv-workbench/projects/baby-island-levels-v1/tasks.json
island,24,Cookie,饼干,零食甜点,word,,level-024-cookie,video-ready,finalPrompt: target English word + Chinese meaning,1,2146,/Users/yr/Library/Application Support/libtv-workbench/projects/baby-island-levels-v1/tasks.json
island,25,Chocolate,巧克力,零食甜点,word,,level-025-chocolate,video-ready,finalPrompt: target English word + Chinese meaning,1,2156,/Users/yr/Library/Application Support/libtv-workbench/projects/baby-island-levels-v1/tasks.json
island,26,Ice Cream,冰激凌,零食甜点,word,,level-026-ice-cream,video-ready,finalPrompt: target English word + Chinese meaning,1,2141,/Users/yr/Library/Application Support/libtv-workbench/projects/baby-island-levels-v1/tasks.json
island,27,Cake,蛋糕,零食甜点,word,,level-027-cake,video-ready,finalPrompt: target English word + Chinese meaning,1,2112,/Users/yr/Library/Application Support/libtv-workbench/projects/baby-island-levels-v1/tasks.json
island,28,Donut,甜甜圈,零食甜点,word,,level-028-donut,video-ready,finalPrompt: target English word + Chinese meaning,1,2089,/Users/yr/Library/Application Support/libtv-workbench/projects/baby-island-levels-v1/tasks.json
island,29,Popcorn,爆米花,零食甜点,word,,level-029-popcorn,video-ready,finalPrompt: target English word + Chinese meaning,1,2160,/Users/yr/Library/Application Support/libtv-workbench/projects/baby-island-levels-v1/tasks.json
island,30,Honey,蜂蜜,零食甜点,word,,level-030-honey,video-ready,finalPrompt: target English word + Chinese meaning,1,2139,/Users/yr/Library/Application Support/libtv-workbench/projects/baby-island-levels-v1/tasks.json
island,31,Egg,鸡蛋,吃饭喝喝,word,,level-031-egg,video-ready,finalPrompt: target English word + Chinese meaning,1,2133,/Users/yr/Library/Application Support/libtv-workbench/projects/baby-island-levels-v1/tasks.json
island,32,Bun,包子,吃饭喝喝,word,,level-032-bun,video-ready,finalPrompt: target English word + Chinese meaning,1,2069,/Users/yr/Library/Application Support/libtv-workbench/projects/baby-island-levels-v1/tasks.json
island,33,Bread,面包,吃饭喝喝,word,,level-033-bread,video-ready,finalPrompt: target English word + Chinese meaning,1,2126,/Users/yr/Library/Application Support/libtv-workbench/projects/baby-island-levels-v1/tasks.json
island,34,Milk,牛奶,吃饭喝喝,word,,level-034-milk,video-ready,finalPrompt: target English word + Chinese meaning,1,2129,/Users/yr/Library/Application Support/libtv-workbench/projects/baby-island-levels-v1/tasks.json
island,35,Juice,果汁,吃饭喝喝,word,,level-035-juice,video-ready,finalPrompt: target English word + Chinese meaning,1,2139,/Users/yr/Library/Application Support/libtv-workbench/projects/baby-island-levels-v1/tasks.json
island,36,Yogurt,酸奶,吃饭喝喝,word,,level-036-yogurt,video-ready,finalPrompt: target English word + Chinese meaning,1,2084,/Users/yr/Library/Application Support/libtv-workbench/projects/baby-island-levels-v1/tasks.json
island,37,Cheese,奶酪,吃饭喝喝,word,,level-037-cheese,video-ready,finalPrompt: target English word + Chinese meaning,1,2120,/Users/yr/Library/Application Support/libtv-workbench/projects/baby-island-levels-v1/tasks.json
island,38,Soup,汤,吃饭喝喝,word,,level-038-soup,ready,finalPrompt: target English word + Chinese meaning,1,2118,/Users/yr/Library/Application Support/libtv-workbench/projects/baby-island-levels-v1/tasks.json
island,39,Noodle,面条,吃饭喝喝,word,,level-039-noodle,ready,finalPrompt: target English word + Chinese meaning,1,2142,/Users/yr/Library/Application Support/libtv-workbench/projects/baby-island-levels-v1/tasks.json
island,40,Dumpling,饺子,吃饭喝喝,word,,level-040-dumpling,ready,finalPrompt: target English word + Chinese meaning,1,2128,/Users/yr/Library/Application Support/libtv-workbench/projects/baby-island-levels-v1/tasks.json
island,41,Tomato,西红柿,蔬菜大餐,word,,level-041-tomato,ready,finalPrompt: target English word + Chinese meaning,1,2126,/Users/yr/Library/Application Support/libtv-workbench/projects/baby-island-levels-v1/tasks.json
island,42,Potato,土豆,蔬菜大餐,word,,level-042-potato,ready,finalPrompt: target English word + Chinese meaning,1,2107,/Users/yr/Library/Application Support/libtv-workbench/projects/baby-island-levels-v1/tasks.json
island,43,Pizza,披萨,蔬菜大餐,word,,level-043-pizza,ready,finalPrompt: target English word + Chinese meaning,1,2130,/Users/yr/Library/Application Support/libtv-workbench/projects/baby-island-levels-v1/tasks.json
island,44,Burger,汉堡,蔬菜大餐,word,,level-044-burger,ready,finalPrompt: target English word + Chinese meaning,1,2089,/Users/yr/Library/Application Support/libtv-workbench/projects/baby-island-levels-v1/tasks.json
island,45,Salad,沙拉,蔬菜大餐,word,,level-045-salad,ready,finalPrompt: target English word + Chinese meaning,1,2127,/Users/yr/Library/Application Support/libtv-workbench/projects/baby-island-levels-v1/tasks.json
island,46,Carrot,胡萝卜,蔬菜大餐,word,,level-046-carrot,ready,finalPrompt: target English word + Chinese meaning,1,2108,/Users/yr/Library/Application Support/libtv-workbench/projects/baby-island-levels-v1/tasks.json
island,47,Corn,玉米,蔬菜大餐,word,,level-047-corn,ready,finalPrompt: target English word + Chinese meaning,1,2060,/Users/yr/Library/Application Support/libtv-workbench/projects/baby-island-levels-v1/tasks.json
island,48,Pumpkin,南瓜,蔬菜大餐,word,,level-048-pumpkin,ready,finalPrompt: target English word + Chinese meaning,1,2086,/Users/yr/Library/Application Support/libtv-workbench/projects/baby-island-levels-v1/tasks.json
island,49,Mushroom,蘑菇,蔬菜大餐,word,,level-049-mushroom,ready,finalPrompt: target English word + Chinese meaning,1,2121,/Users/yr/Library/Application Support/libtv-workbench/projects/baby-island-levels-v1/tasks.json
island,50,Sandwich,三明治,蔬菜大餐,word,,level-050-sandwich,ready,finalPrompt: target English word + Chinese meaning,1,2138,/Users/yr/Library/Application Support/libtv-workbench/projects/baby-island-levels-v1/tasks.json
island,51,Puppy,小狗,萌宠动物,word,,level-051-puppy,ready,finalPrompt: target English word + Chinese meaning,1,2181,/Users/yr/Library/Application Support/libtv-workbench/projects/baby-island-levels-v1/tasks.json
island,52,Kitty,小猫,萌宠动物,word,,level-052-kitty,ready,finalPrompt: target English word + Chinese meaning,1,2125,/Users/yr/Library/Application Support/libtv-workbench/projects/baby-island-levels-v1/tasks.json
island,53,Bunny,小兔,萌宠动物,word,,level-053-bunny,ready,finalPrompt: target English word + Chinese meaning,1,2076,/Users/yr/Library/Application Support/libtv-workbench/projects/baby-island-levels-v1/tasks.json
island,54,Duck,鸭子,萌宠动物,word,,level-054-duck,ready,finalPrompt: target English word + Chinese meaning,1,2072,/Users/yr/Library/Application Support/libtv-workbench/projects/baby-island-levels-v1/tasks.json
island,55,Chick,小鸡,萌宠动物,word,,level-055-chick,ready,finalPrompt: target English word + Chinese meaning,1,2063,/Users/yr/Library/Application Support/libtv-workbench/projects/baby-island-levels-v1/tasks.json
island,56,Pig,猪,萌宠动物,word,,level-056-pig,ready,finalPrompt: target English word + Chinese meaning,1,2115,/Users/yr/Library/Application Support/libtv-workbench/projects/baby-island-levels-v1/tasks.json
island,57,Cow,奶牛,萌宠动物,word,,level-057-cow,ready,finalPrompt: target English word + Chinese meaning,1,2072,/Users/yr/Library/Application Support/libtv-workbench/projects/baby-island-levels-v1/tasks.json
island,58,Cat,猫,萌宠动物,word,,level-058-cat,ready,finalPrompt: target English word + Chinese meaning,1,2080,/Users/yr/Library/Application Support/libtv-workbench/projects/baby-island-levels-v1/tasks.json
island,59,Sheep,绵羊,萌宠动物,word,,level-059-sheep,ready,finalPrompt: target English word + Chinese meaning,1,2109,/Users/yr/Library/Application Support/libtv-workbench/projects/baby-island-levels-v1/tasks.json
island,60,Horse,马,萌宠动物,word,,level-060-horse,ready,finalPrompt: target English word + Chinese meaning,1,2100,/Users/yr/Library/Application Support/libtv-workbench/projects/baby-island-levels-v1/tasks.json
island,61,Panda,熊猫,大动物,word,,level-061-panda,ready,finalPrompt: target English word + Chinese meaning,1,2091,/Users/yr/Library/Application Support/libtv-workbench/projects/baby-island-levels-v1/tasks.json
island,62,Koala,考拉,大动物,word,,level-062-koala,ready,finalPrompt: target English word + Chinese meaning,1,2079,/Users/yr/Library/Application Support/libtv-workbench/projects/baby-island-levels-v1/tasks.json
island,63,Hippo,河马,大动物,word,,level-063-hippo,ready,finalPrompt: target English word + Chinese meaning,1,2089,/Users/yr/Library/Application Support/libtv-workbench/projects/baby-island-levels-v1/tasks.json
island,64,Monkey,猴子,大动物,word,,level-064-monkey,ready,finalPrompt: target English word + Chinese meaning,1,2091,/Users/yr/Library/Application Support/libtv-workbench/projects/baby-island-levels-v1/tasks.json
island,65,Tiger,老虎,大动物,word,,level-065-tiger,ready,finalPrompt: target English word + Chinese meaning,1,2080,/Users/yr/Library/Application Support/libtv-workbench/projects/baby-island-levels-v1/tasks.json
island,66,Lion,狮子,大动物,word,,level-066-lion,ready,finalPrompt: target English word + Chinese meaning,1,2048,/Users/yr/Library/Application Support/libtv-workbench/projects/baby-island-levels-v1/tasks.json
island,67,Zebra,斑马,大动物,word,,level-067-zebra,ready,finalPrompt: target English word + Chinese meaning,1,2086,/Users/yr/Library/Application Support/libtv-workbench/projects/baby-island-levels-v1/tasks.json
island,68,Giraffe,长颈鹿,大动物,word,,level-068-giraffe,ready,finalPrompt: target English word + Chinese meaning,1,2120,/Users/yr/Library/Application Support/libtv-workbench/projects/baby-island-levels-v1/tasks.json
island,69,Elephant,大象,大动物,word,,level-069-elephant,ready,finalPrompt: target English word + Chinese meaning,1,2115,/Users/yr/Library/Application Support/libtv-workbench/projects/baby-island-levels-v1/tasks.json
island,70,Kangaroo,袋鼠,大动物,word,,level-070-kangaroo,ready,finalPrompt: target English word + Chinese meaning,1,2099,/Users/yr/Library/Application Support/libtv-workbench/projects/baby-island-levels-v1/tasks.json
island,71,Butterfly,蝴蝶,小小动物,word,,level-071-butterfly,ready,finalPrompt: target English word + Chinese meaning,1,2110,/Users/yr/Library/Application Support/libtv-workbench/projects/baby-island-levels-v1/tasks.json
island,72,Fish,鱼,小小动物,word,,level-072-fish,ready,finalPrompt: target English word + Chinese meaning,1,2063,/Users/yr/Library/Application Support/libtv-workbench/projects/baby-island-levels-v1/tasks.json
island,73,Frog,青蛙,小小动物,word,,level-073-frog,ready,finalPrompt: target English word + Chinese meaning,1,2047,/Users/yr/Library/Application Support/libtv-workbench/projects/baby-island-levels-v1/tasks.json
island,74,Bee,蜜蜂,小小动物,word,,level-074-bee,ready,finalPrompt: target English word + Chinese meaning,1,2058,/Users/yr/Library/Application Support/libtv-workbench/projects/baby-island-levels-v1/tasks.json
island,75,Bird,小鸟,小小动物,word,,level-075-bird,ready,finalPrompt: target English word + Chinese meaning,1,2040,/Users/yr/Library/Application Support/libtv-workbench/projects/baby-island-levels-v1/tasks.json
island,76,Turtle,乌龟,小小动物,word,,level-076-turtle,ready,finalPrompt: target English word + Chinese meaning,1,2076,/Users/yr/Library/Application Support/libtv-workbench/projects/baby-island-levels-v1/tasks.json
island,77,Crab,螃蟹,小小动物,word,,level-077-crab,ready,finalPrompt: target English word + Chinese meaning,1,2057,/Users/yr/Library/Application Support/libtv-workbench/projects/baby-island-levels-v1/tasks.json
island,78,Ant,蚂蚁,小小动物,word,,level-078-ant,ready,finalPrompt: target English word + Chinese meaning,1,2083,/Users/yr/Library/Application Support/libtv-workbench/projects/baby-island-levels-v1/tasks.json
island,79,Snail,蜗牛,小小动物,word,,level-079-snail,ready,finalPrompt: target English word + Chinese meaning,1,2095,/Users/yr/Library/Application Support/libtv-workbench/projects/baby-island-levels-v1/tasks.json
island,80,Ladybug,瓢虫,小小动物,word,,level-080-ladybug,ready,finalPrompt: target English word + Chinese meaning,1,2110,/Users/yr/Library/Application Support/libtv-workbench/projects/baby-island-levels-v1/tasks.json
island,81,Tummy,小肚子,我的身体,word,,level-081-tummy,ready,finalPrompt: target English word + Chinese meaning,1,2194,/Users/yr/Library/Application Support/libtv-workbench/projects/baby-island-levels-v1/tasks.json
island,82,Eye,眼睛,我的身体,word,,level-082-eye,ready,finalPrompt: target English word + Chinese meaning,1,2113,/Users/yr/Library/Application Support/libtv-workbench/projects/baby-island-levels-v1/tasks.json
island,83,Ear,耳朵,我的身体,word,,level-083-ear,ready,finalPrompt: target English word + Chinese meaning,1,2074,/Users/yr/Library/Application Support/libtv-workbench/projects/baby-island-levels-v1/tasks.json
island,84,Nose,鼻子,我的身体,word,,level-084-nose,ready,finalPrompt: target English word + Chinese meaning,1,2096,/Users/yr/Library/Application Support/libtv-workbench/projects/baby-island-levels-v1/tasks.json
island,85,Mouth,嘴巴,我的身体,word,,level-085-mouth,ready,finalPrompt: target English word + Chinese meaning,1,2137,/Users/yr/Library/Application Support/libtv-workbench/projects/baby-island-levels-v1/tasks.json
island,86,Head,头,我的身体,word,,level-086-head,ready,finalPrompt: target English word + Chinese meaning,1,2067,/Users/yr/Library/Application Support/libtv-workbench/projects/baby-island-levels-v1/tasks.json
island,87,Hair,头发,我的身体,word,,level-087-hair,ready,finalPrompt: target English word + Chinese meaning,1,2074,/Users/yr/Library/Application Support/libtv-workbench/projects/baby-island-levels-v1/tasks.json
island,88,Foot,脚,我的身体,word,,level-088-foot,ready,finalPrompt: target English word + Chinese meaning,1,2055,/Users/yr/Library/Application Support/libtv-workbench/projects/baby-island-levels-v1/tasks.json
island,89,Leg,腿,我的身体,word,,level-089-leg,ready,finalPrompt: target English word + Chinese meaning,1,2087,/Users/yr/Library/Application Support/libtv-workbench/projects/baby-island-levels-v1/tasks.json
island,90,Arm,手臂,我的身体,word,,level-090-arm,ready,finalPrompt: target English word + Chinese meaning,1,2092,/Users/yr/Library/Application Support/libtv-workbench/projects/baby-island-levels-v1/tasks.json
island,91,Pajamas,睡衣,穿衣出门,word,,level-091-pajamas,ready,finalPrompt: target English word + Chinese meaning,1,2130,/Users/yr/Library/Application Support/libtv-workbench/projects/baby-island-levels-v1/tasks.json
island,92,Shoes,鞋子,穿衣出门,word,,level-092-shoes,ready,finalPrompt: target English word + Chinese meaning,1,2079,/Users/yr/Library/Application Support/libtv-workbench/projects/baby-island-levels-v1/tasks.json
island,93,Socks,袜子,穿衣出门,word,,level-093-socks,ready,finalPrompt: target English word + Chinese meaning,1,2074,/Users/yr/Library/Application Support/libtv-workbench/projects/baby-island-levels-v1/tasks.json
island,94,Hat,帽子,穿衣出门,word,,level-094-hat,ready,finalPrompt: target English word + Chinese meaning,1,2042,/Users/yr/Library/Application Support/libtv-workbench/projects/baby-island-levels-v1/tasks.json
island,95,Dress,裙子,穿衣出门,word,,level-095-dress,ready,finalPrompt: target English word + Chinese meaning,1,2103,/Users/yr/Library/Application Support/libtv-workbench/projects/baby-island-levels-v1/tasks.json
island,96,Jacket,夹克,穿衣出门,word,,level-096-jacket,ready,finalPrompt: target English word + Chinese meaning,1,2062,/Users/yr/Library/Application Support/libtv-workbench/projects/baby-island-levels-v1/tasks.json
island,97,Shirt,上衣,穿衣出门,word,,level-097-shirt,ready,finalPrompt: target English word + Chinese meaning,1,2103,/Users/yr/Library/Application Support/libtv-workbench/projects/baby-island-levels-v1/tasks.json
island,98,Pants,裤子,穿衣出门,word,,level-098-pants,ready,finalPrompt: target English word + Chinese meaning,1,2065,/Users/yr/Library/Application Support/libtv-workbench/projects/baby-island-levels-v1/tasks.json
island,99,Coat,外套,穿衣出门,word,,level-099-coat,ready,finalPrompt: target English word + Chinese meaning,1,2043,/Users/yr/Library/Application Support/libtv-workbench/projects/baby-island-levels-v1/tasks.json
island,100,Boots,靴子,穿衣出门,word,,level-100-boots,ready,finalPrompt: target English word + Chinese meaning,1,2073,/Users/yr/Library/Application Support/libtv-workbench/projects/baby-island-levels-v1/tasks.json
island,101,Teddy Bear,泰迪熊,玩具游戏,word,,level-101-teddy-bear,ready,finalPrompt: target English word + Chinese meaning,1,2128,/Users/yr/Library/Application Support/libtv-workbench/projects/baby-island-levels-v1/tasks.json
island,102,Bubble,泡泡,玩具游戏,word,,level-102-bubble,ready,finalPrompt: target English word + Chinese meaning,1,2126,/Users/yr/Library/Application Support/libtv-workbench/projects/baby-island-levels-v1/tasks.json
island,103,Balloon,气球,玩具游戏,word,,level-103-balloon,ready,finalPrompt: target English word + Chinese meaning,1,2124,/Users/yr/Library/Application Support/libtv-workbench/projects/baby-island-levels-v1/tasks.json
island,104,Ball,球,玩具游戏,word,,level-104-ball,ready,finalPrompt: target English word + Chinese meaning,1,2049,/Users/yr/Library/Application Support/libtv-workbench/projects/baby-island-levels-v1/tasks.json
island,105,Robot,机器人,玩具游戏,word,,level-105-robot,ready,finalPrompt: target English word + Chinese meaning,1,2067,/Users/yr/Library/Application Support/libtv-workbench/projects/baby-island-levels-v1/tasks.json
island,106,Doll,娃娃,玩具游戏,word,,level-106-doll,ready,finalPrompt: target English word + Chinese meaning,1,2050,/Users/yr/Library/Application Support/libtv-workbench/projects/baby-island-levels-v1/tasks.json
island,107,Kite,风筝,玩具游戏,word,,level-107-kite,ready,finalPrompt: target English word + Chinese meaning,1,2104,/Users/yr/Library/Application Support/libtv-workbench/projects/baby-island-levels-v1/tasks.json
island,108,Block,积木,玩具游戏,word,,level-108-block,ready,finalPrompt: target English word + Chinese meaning,1,2072,/Users/yr/Library/Application Support/libtv-workbench/projects/baby-island-levels-v1/tasks.json
island,109,Puzzle,拼图,玩具游戏,word,,level-109-puzzle,ready,finalPrompt: target English word + Chinese meaning,1,2097,/Users/yr/Library/Application Support/libtv-workbench/projects/baby-island-levels-v1/tasks.json
island,110,Slide,滑梯,玩具游戏,word,,level-110-slide,ready,finalPrompt: target English word + Chinese meaning,1,2098,/Users/yr/Library/Application Support/libtv-workbench/projects/baby-island-levels-v1/tasks.json
island,111,Baby,宝宝,身边的人,word,,level-111-baby,ready,finalPrompt: target English word + Chinese meaning,1,2081,/Users/yr/Library/Application Support/libtv-workbench/projects/baby-island-levels-v1/tasks.json
island,112,Boy,男孩,身边的人,word,,level-112-boy,ready,finalPrompt: target English word + Chinese meaning,1,2102,/Users/yr/Library/Application Support/libtv-workbench/projects/baby-island-levels-v1/tasks.json
island,113,Girl,女孩,身边的人,word,,level-113-girl,ready,finalPrompt: target English word + Chinese meaning,1,2056,/Users/yr/Library/Application Support/libtv-workbench/projects/baby-island-levels-v1/tasks.json
island,114,Sister,姐妹,身边的人,word,,level-114-sister,ready,finalPrompt: target English word + Chinese meaning,1,2189,/Users/yr/Library/Application Support/libtv-workbench/projects/baby-island-levels-v1/tasks.json
island,115,Brother,兄弟,身边的人,word,,level-115-brother,ready,finalPrompt: target English word + Chinese meaning,1,2160,/Users/yr/Library/Application Support/libtv-workbench/projects/baby-island-levels-v1/tasks.json
island,116,Aunt,阿姨,身边的人,word,,level-116-aunt,ready,finalPrompt: target English word + Chinese meaning,1,2194,/Users/yr/Library/Application Support/libtv-workbench/projects/baby-island-levels-v1/tasks.json
island,117,Uncle,叔叔,身边的人,word,,level-117-uncle,ready,finalPrompt: target English word + Chinese meaning,1,2176,/Users/yr/Library/Application Support/libtv-workbench/projects/baby-island-levels-v1/tasks.json
island,118,Friend,朋友,身边的人,word,,level-118-friend,ready,finalPrompt: target English word + Chinese meaning,1,2156,/Users/yr/Library/Application Support/libtv-workbench/projects/baby-island-levels-v1/tasks.json
island,119,Teacher,老师,身边的人,word,,level-119-teacher,ready,finalPrompt: target English word + Chinese meaning,1,2222,/Users/yr/Library/Application Support/libtv-workbench/projects/baby-island-levels-v1/tasks.json
island,120,Family,家人,身边的人,word,,level-120-family,ready,finalPrompt: target English word + Chinese meaning,1,2184,/Users/yr/Library/Application Support/libtv-workbench/projects/baby-island-levels-v1/tasks.json
island,121,Sofa,沙发,客厅卧室,word,,level-121-sofa,ready,finalPrompt: target English word + Chinese meaning,1,2103,/Users/yr/Library/Application Support/libtv-workbench/projects/baby-island-levels-v1/tasks.json
island,122,Bed,床,客厅卧室,word,,level-122-bed,ready,finalPrompt: target English word + Chinese meaning,1,2097,/Users/yr/Library/Application Support/libtv-workbench/projects/baby-island-levels-v1/tasks.json
island,123,Pillow,枕头,客厅卧室,word,,level-123-pillow,ready,finalPrompt: target English word + Chinese meaning,1,2096,/Users/yr/Library/Application Support/libtv-workbench/projects/baby-island-levels-v1/tasks.json
island,124,Blanket,被子,客厅卧室,word,,level-124-blanket,ready,finalPrompt: target English word + Chinese meaning,1,2100,/Users/yr/Library/Application Support/libtv-workbench/projects/baby-island-levels-v1/tasks.json
island,125,Lamp,台灯,客厅卧室,word,,level-125-lamp,ready,finalPrompt: target English word + Chinese meaning,1,2043,/Users/yr/Library/Application Support/libtv-workbench/projects/baby-island-levels-v1/tasks.json
island,126,Clock,时钟,客厅卧室,word,,level-126-clock,ready,finalPrompt: target English word + Chinese meaning,1,2116,/Users/yr/Library/Application Support/libtv-workbench/projects/baby-island-levels-v1/tasks.json
island,127,Mirror,镜子,客厅卧室,word,,level-127-mirror,ready,finalPrompt: target English word + Chinese meaning,1,2110,/Users/yr/Library/Application Support/libtv-workbench/projects/baby-island-levels-v1/tasks.json
island,128,Door,门,客厅卧室,word,,level-128-door,ready,finalPrompt: target English word + Chinese meaning,1,2101,/Users/yr/Library/Application Support/libtv-workbench/projects/baby-island-levels-v1/tasks.json
island,129,Window,窗户,客厅卧室,word,,level-129-window,ready,finalPrompt: target English word + Chinese meaning,1,2103,/Users/yr/Library/Application Support/libtv-workbench/projects/baby-island-levels-v1/tasks.json
island,130,Chair,椅子,客厅卧室,word,,level-130-chair,ready,finalPrompt: target English word + Chinese meaning,1,2081,/Users/yr/Library/Application Support/libtv-workbench/projects/baby-island-levels-v1/tasks.json
island,131,Cup,杯子,厨房餐桌,word,,level-131-cup,ready,finalPrompt: target English word + Chinese meaning,1,2095,/Users/yr/Library/Application Support/libtv-workbench/projects/baby-island-levels-v1/tasks.json
island,132,Bowl,碗,厨房餐桌,word,,level-132-bowl,ready,finalPrompt: target English word + Chinese meaning,1,2079,/Users/yr/Library/Application Support/libtv-workbench/projects/baby-island-levels-v1/tasks.json
island,133,Spoon,勺子,厨房餐桌,word,,level-133-spoon,ready,finalPrompt: target English word + Chinese meaning,1,2060,/Users/yr/Library/Application Support/libtv-workbench/projects/baby-island-levels-v1/tasks.json
island,134,Plate,盘子,厨房餐桌,word,,level-134-plate,ready,finalPrompt: target English word + Chinese meaning,1,2089,/Users/yr/Library/Application Support/libtv-workbench/projects/baby-island-levels-v1/tasks.json
island,135,Bottle,瓶子,厨房餐桌,word,,level-135-bottle,ready,finalPrompt: target English word + Chinese meaning,1,2087,/Users/yr/Library/Application Support/libtv-workbench/projects/baby-island-levels-v1/tasks.json
island,136,Box,盒子,厨房餐桌,word,,level-136-box,ready,finalPrompt: target English word + Chinese meaning,1,2043,/Users/yr/Library/Application Support/libtv-workbench/projects/baby-island-levels-v1/tasks.json
island,137,Bag,包,厨房餐桌,word,,level-137-bag,ready,finalPrompt: target English word + Chinese meaning,1,2041,/Users/yr/Library/Application Support/libtv-workbench/projects/baby-island-levels-v1/tasks.json
island,138,Table,桌子,厨房餐桌,word,,level-138-table,ready,finalPrompt: target English word + Chinese meaning,1,2072,/Users/yr/Library/Application Support/libtv-workbench/projects/baby-island-levels-v1/tasks.json
island,139,Fork,叉子,厨房餐桌,word,,level-139-fork,ready,finalPrompt: target English word + Chinese meaning,1,2064,/Users/yr/Library/Application Support/libtv-workbench/projects/baby-island-levels-v1/tasks.json
island,140,Chopsticks,筷子,厨房餐桌,word,,level-140-chopsticks,ready,finalPrompt: target English word + Chinese meaning,1,2138,/Users/yr/Library/Application Support/libtv-workbench/projects/baby-island-levels-v1/tasks.json
island,141,Potty,小马桶,洗漱浴室,word,,level-141-potty,ready,finalPrompt: target English word + Chinese meaning,1,2137,/Users/yr/Library/Application Support/libtv-workbench/projects/baby-island-levels-v1/tasks.json
island,142,Shampoo,洗发水,洗漱浴室,word,,level-142-shampoo,ready,finalPrompt: target English word + Chinese meaning,1,2129,/Users/yr/Library/Application Support/libtv-workbench/projects/baby-island-levels-v1/tasks.json
island,143,Soap,肥皂,洗漱浴室,word,,level-143-soap,ready,finalPrompt: target English word + Chinese meaning,1,2061,/Users/yr/Library/Application Support/libtv-workbench/projects/baby-island-levels-v1/tasks.json
island,144,Towel,毛巾,洗漱浴室,word,,level-144-towel,ready,finalPrompt: target English word + Chinese meaning,1,2073,/Users/yr/Library/Application Support/libtv-workbench/projects/baby-island-levels-v1/tasks.json
island,145,Tissue,纸巾,洗漱浴室,word,,level-145-tissue,ready,finalPrompt: target English word + Chinese meaning,1,2118,/Users/yr/Library/Application Support/libtv-workbench/projects/baby-island-levels-v1/tasks.json
island,146,Brush,刷子,洗漱浴室,word,,level-146-brush,ready,finalPrompt: target English word + Chinese meaning,1,2076,/Users/yr/Library/Application Support/libtv-workbench/projects/baby-island-levels-v1/tasks.json
island,147,Comb,梳子,洗漱浴室,word,,level-147-comb,ready,finalPrompt: target English word + Chinese meaning,1,2030,/Users/yr/Library/Application Support/libtv-workbench/projects/baby-island-levels-v1/tasks.json
island,148,Bathtub,浴缸,洗漱浴室,word,,level-148-bathtub,ready,finalPrompt: target English word + Chinese meaning,1,2146,/Users/yr/Library/Application Support/libtv-workbench/projects/baby-island-levels-v1/tasks.json
island,149,Toilet,马桶,洗漱浴室,word,,level-149-toilet,ready,finalPrompt: target English word + Chinese meaning,1,2165,/Users/yr/Library/Application Support/libtv-workbench/projects/baby-island-levels-v1/tasks.json
island,150,Toothbrush,牙刷,洗漱浴室,word,,level-150-toothbrush,ready,finalPrompt: target English word + Chinese meaning,1,2126,/Users/yr/Library/Application Support/libtv-workbench/projects/baby-island-levels-v1/tasks.json
island,151,Moon,月亮,天气天空,word,,level-151-moon,ready,finalPrompt: target English word + Chinese meaning,1,2108,/Users/yr/Library/Application Support/libtv-workbench/projects/baby-island-levels-v1/tasks.json
island,152,Sun,太阳,天气天空,word,,level-152-sun,ready,finalPrompt: target English word + Chinese meaning,1,2052,/Users/yr/Library/Application Support/libtv-workbench/projects/baby-island-levels-v1/tasks.json
island,153,Star,星星,天气天空,word,,level-153-star,ready,finalPrompt: target English word + Chinese meaning,1,2114,/Users/yr/Library/Application Support/libtv-workbench/projects/baby-island-levels-v1/tasks.json
island,154,Rainbow,彩虹,天气天空,word,,level-154-rainbow,ready,finalPrompt: target English word + Chinese meaning,1,2126,/Users/yr/Library/Application Support/libtv-workbench/projects/baby-island-levels-v1/tasks.json
island,155,Sky,天空,天气天空,word,,level-155-sky,ready,finalPrompt: target English word + Chinese meaning,1,2094,/Users/yr/Library/Application Support/libtv-workbench/projects/baby-island-levels-v1/tasks.json
island,156,Cloud,云,天气天空,word,,level-156-cloud,ready,finalPrompt: target English word + Chinese meaning,1,2058,/Users/yr/Library/Application Support/libtv-workbench/projects/baby-island-levels-v1/tasks.json
island,157,Rain,雨,天气天空,word,,level-157-rain,ready,finalPrompt: target English word + Chinese meaning,1,2093,/Users/yr/Library/Application Support/libtv-workbench/projects/baby-island-levels-v1/tasks.json
island,158,Snow,雪,天气天空,word,,level-158-snow,ready,finalPrompt: target English word + Chinese meaning,1,2095,/Users/yr/Library/Application Support/libtv-workbench/projects/baby-island-levels-v1/tasks.json
island,159,Wind,风,天气天空,word,,level-159-wind,ready,finalPrompt: target English word + Chinese meaning,1,2107,/Users/yr/Library/Application Support/libtv-workbench/projects/baby-island-levels-v1/tasks.json
island,160,Umbrella,雨伞,天气天空,word,,level-160-umbrella,ready,finalPrompt: target English word + Chinese meaning,1,2108,/Users/yr/Library/Application Support/libtv-workbench/projects/baby-island-levels-v1/tasks.json
island,161,Flower,花,大自然,word,,level-161-flower,ready,finalPrompt: target English word + Chinese meaning,1,2073,/Users/yr/Library/Application Support/libtv-workbench/projects/baby-island-levels-v1/tasks.json
island,162,Tree,树,大自然,word,,level-162-tree,ready,finalPrompt: target English word + Chinese meaning,1,2109,/Users/yr/Library/Application Support/libtv-workbench/projects/baby-island-levels-v1/tasks.json
island,163,Grass,草地,大自然,word,,level-163-grass,ready,finalPrompt: target English word + Chinese meaning,1,2105,/Users/yr/Library/Application Support/libtv-workbench/projects/baby-island-levels-v1/tasks.json
island,164,Leaf,树叶,大自然,word,,level-164-leaf,ready,finalPrompt: target English word + Chinese meaning,1,2057,/Users/yr/Library/Application Support/libtv-workbench/projects/baby-island-levels-v1/tasks.json
island,165,Sea,大海,大自然,word,,level-165-sea,ready,finalPrompt: target English word + Chinese meaning,1,2125,/Users/yr/Library/Application Support/libtv-workbench/projects/baby-island-levels-v1/tasks.json
island,166,Beach,海滩,大自然,word,,level-166-beach,ready,finalPrompt: target English word + Chinese meaning,1,2109,/Users/yr/Library/Application Support/libtv-workbench/projects/baby-island-levels-v1/tasks.json
island,167,Shell,贝壳,大自然,word,,level-167-shell,ready,finalPrompt: target English word + Chinese meaning,1,2086,/Users/yr/Library/Application Support/libtv-workbench/projects/baby-island-levels-v1/tasks.json
island,168,Sand,沙子,大自然,word,,level-168-sand,ready,finalPrompt: target English word + Chinese meaning,1,2072,/Users/yr/Library/Application Support/libtv-workbench/projects/baby-island-levels-v1/tasks.json
island,169,River,河,大自然,word,,level-169-river,ready,finalPrompt: target English word + Chinese meaning,1,2092,/Users/yr/Library/Application Support/libtv-workbench/projects/baby-island-levels-v1/tasks.json
island,170,Mountain,山,大自然,word,,level-170-mountain,ready,finalPrompt: target English word + Chinese meaning,1,2128,/Users/yr/Library/Application Support/libtv-workbench/projects/baby-island-levels-v1/tasks.json
island,171,Taxi,出租车,交通工具,word,,level-171-taxi,ready,finalPrompt: target English word + Chinese meaning,1,2074,/Users/yr/Library/Application Support/libtv-workbench/projects/baby-island-levels-v1/tasks.json
island,172,Bus,公交车,交通工具,word,,level-172-bus,ready,finalPrompt: target English word + Chinese meaning,1,2045,/Users/yr/Library/Application Support/libtv-workbench/projects/baby-island-levels-v1/tasks.json
island,173,Bike,自行车,交通工具,word,,level-173-bike,ready,finalPrompt: target English word + Chinese meaning,1,2087,/Users/yr/Library/Application Support/libtv-workbench/projects/baby-island-levels-v1/tasks.json
island,174,Train,火车,交通工具,word,,level-174-train,ready,finalPrompt: target English word + Chinese meaning,1,2095,/Users/yr/Library/Application Support/libtv-workbench/projects/baby-island-levels-v1/tasks.json
island,175,Plane,飞机,交通工具,word,,level-175-plane,ready,finalPrompt: target English word + Chinese meaning,1,2100,/Users/yr/Library/Application Support/libtv-workbench/projects/baby-island-levels-v1/tasks.json
island,176,Boat,小船,交通工具,word,,level-176-boat,ready,finalPrompt: target English word + Chinese meaning,1,2065,/Users/yr/Library/Application Support/libtv-workbench/projects/baby-island-levels-v1/tasks.json
island,177,Ship,大船,交通工具,word,,level-177-ship,ready,finalPrompt: target English word + Chinese meaning,1,2086,/Users/yr/Library/Application Support/libtv-workbench/projects/baby-island-levels-v1/tasks.json
island,178,Subway,地铁,交通工具,word,,level-178-subway,ready,finalPrompt: target English word + Chinese meaning,1,2125,/Users/yr/Library/Application Support/libtv-workbench/projects/baby-island-levels-v1/tasks.json
island,179,Scooter,滑板车,交通工具,word,,level-179-scooter,ready,finalPrompt: target English word + Chinese meaning,1,2126,/Users/yr/Library/Application Support/libtv-workbench/projects/baby-island-levels-v1/tasks.json
island,180,Ambulance,救护车,交通工具,word,,level-180-ambulance,ready,finalPrompt: target English word + Chinese meaning,1,2180,/Users/yr/Library/Application Support/libtv-workbench/projects/baby-island-levels-v1/tasks.json
island,181,Zoo,动物园,常去的场所,word,,level-181-zoo,ready,finalPrompt: target English word + Chinese meaning,1,2207,/Users/yr/Library/Application Support/libtv-workbench/projects/baby-island-levels-v1/tasks.json
island,182,Park,公园,常去的场所,word,,level-182-park,ready,finalPrompt: target English word + Chinese meaning,1,2112,/Users/yr/Library/Application Support/libtv-workbench/projects/baby-island-levels-v1/tasks.json
island,183,Home,家,常去的场所,word,,level-183-home,ready,finalPrompt: target English word + Chinese meaning,1,2140,/Users/yr/Library/Application Support/libtv-workbench/projects/baby-island-levels-v1/tasks.json
island,184,Farm,农场,常去的场所,word,,level-184-farm,ready,finalPrompt: target English word + Chinese meaning,1,2132,/Users/yr/Library/Application Support/libtv-workbench/projects/baby-island-levels-v1/tasks.json
island,185,School,学校,常去的场所,word,,level-185-school,ready,finalPrompt: target English word + Chinese meaning,1,2136,/Users/yr/Library/Application Support/libtv-workbench/projects/baby-island-levels-v1/tasks.json
island,186,Store,商店,常去的场所,word,,level-186-store,ready,finalPrompt: target English word + Chinese meaning,1,2118,/Users/yr/Library/Application Support/libtv-workbench/projects/baby-island-levels-v1/tasks.json
island,187,Playground,游乐场,常去的场所,word,,level-187-playground,ready,finalPrompt: target English word + Chinese meaning,1,2156,/Users/yr/Library/Application Support/libtv-workbench/projects/baby-island-levels-v1/tasks.json
island,188,Supermarket,超市,常去的场所,word,,level-188-supermarket,ready,finalPrompt: target English word + Chinese meaning,1,2179,/Users/yr/Library/Application Support/libtv-workbench/projects/baby-island-levels-v1/tasks.json
island,189,Hospital,医院,常去的场所,word,,level-189-hospital,ready,finalPrompt: target English word + Chinese meaning,1,2174,/Users/yr/Library/Application Support/libtv-workbench/projects/baby-island-levels-v1/tasks.json
island,190,Library,图书馆,常去的场所,word,,level-190-library,ready,finalPrompt: target English word + Chinese meaning,1,2172,/Users/yr/Library/Application Support/libtv-workbench/projects/baby-island-levels-v1/tasks.json
island,191,Jump,跳,动作游戏,word,,level-191-jump,ready,finalPrompt: target English word + Chinese meaning,1,2128,/Users/yr/Library/Application Support/libtv-workbench/projects/baby-island-levels-v1/tasks.json
island,192,Run,跑,动作游戏,word,,level-192-run,ready,finalPrompt: target English word + Chinese meaning,1,2091,/Users/yr/Library/Application Support/libtv-workbench/projects/baby-island-levels-v1/tasks.json
island,193,Swim,游泳,动作游戏,word,,level-193-swim,ready,finalPrompt: target English word + Chinese meaning,1,2135,/Users/yr/Library/Application Support/libtv-workbench/projects/baby-island-levels-v1/tasks.json
island,194,Dance,跳舞,动作游戏,word,,level-194-dance,ready,finalPrompt: target English word + Chinese meaning,1,2087,/Users/yr/Library/Application Support/libtv-workbench/projects/baby-island-levels-v1/tasks.json
island,195,Sing,唱歌,动作游戏,word,,level-195-sing,ready,finalPrompt: target English word + Chinese meaning,1,2167,/Users/yr/Library/Application Support/libtv-workbench/projects/baby-island-levels-v1/tasks.json
island,196,Play,玩,动作游戏,word,,level-196-play,ready,finalPrompt: target English word + Chinese meaning,1,2132,/Users/yr/Library/Application Support/libtv-workbench/projects/baby-island-levels-v1/tasks.json
island,197,Eat,吃,动作游戏,word,,level-197-eat,ready,finalPrompt: target English word + Chinese meaning,1,2065,/Users/yr/Library/Application Support/libtv-workbench/projects/baby-island-levels-v1/tasks.json
island,198,Drink,喝,动作游戏,word,,level-198-drink,ready,finalPrompt: target English word + Chinese meaning,1,2084,/Users/yr/Library/Application Support/libtv-workbench/projects/baby-island-levels-v1/tasks.json
island,199,Walk,走,动作游戏,word,,level-199-walk,ready,finalPrompt: target English word + Chinese meaning,1,2084,/Users/yr/Library/Application Support/libtv-workbench/projects/baby-island-levels-v1/tasks.json
island,200,Sleep,睡觉,动作游戏,word,,level-200-sleep,ready,finalPrompt: target English word + Chinese meaning,1,2114,/Users/yr/Library/Application Support/libtv-workbench/projects/baby-island-levels-v1/tasks.json
